Interval=,0.1 s,,,,,,,
ExcelDateTime=,4.43E+04,47:56.7,,,,,,
TimeFormat=,StartOfBlock,,,,,,,
DateFormat=,,,,,,,,
ChannelTitle=,Finger Pressure,Systolic,Mean Arterial,Diastolic,Heart Rate,DCS 1cm,DCS 3cm,
Range=,400 mmHg,400 mmHg,400 mmHg,400 mmHg,400 beats/min,400 BFI,400 BFI,
0.1,121.2,150,102,87,74,3.01E-09,9.01E-09,
0.2,129.25,150,102,87,74,6.30E-09,1.20E-08,#* start DCS 
0.3,113.45,150,102,87,74,4.70E-09,5.99E-09,
0.4,107.9,150,102,87,74,3.02E-09,7.00E-09,
0.5,105.25,150,102,87,74,2.55E-09,9.01E-09,
0.6,95.35,152.6,102,87,76.6,2.20E-09,5.51E-09,
0.7,93.1,154,102,87,78,2.43E-09,4.20E-09,
0.8,90.65,154,102,87,78,2.25E-09,4.73E-09,
0.9,113.35,154,102,87,78,1.72E-09,5.48E-09,
1,138.25,154,102,87,78,6.15E-09,7.93E-09,
1.1,120,154,102,87,78,5.59E-09,1.37E-08,
1.2,109.35,154,102,87,78,3.06E-09,4.46E-09,
1.3,110.1,154,102,87,78,2.80E-09,7.94E-09,
1.4,99.95,153.05,103.9,87.95,78,3.32E-09,6.84E-09,
1.5,95.75,153,104,88,78,2.43E-09,6.85E-09,
1.6,92.85,153,104,88,78,2.95E-09,5.33E-09,
1.7,88.7,153,104,88,78,1.90E-09,4.34E-09,
1.8,114.5,153,104,88,78,2.06E-09,3.45E-09,
1.9,136.55,153,104,88,78,6.81E-09,1.31E-08,
2,117.7,153,104,88,78,5.62E-09,7.09E-09,
2.1,108.25,153,104,88,78,2.89E-09,4.85E-09,
2.2,108.4,153,104,88,78,2.41E-09,6.75E-09,
2.3,97.4,153,104,88,78,1.97E-09,4.60E-09,
2.4,94.35,149.5,105.4,88.7,73.8,2.12E-09,3.62E-09,
2.5,92.8,148,106,89,72,1.98E-09,3.19E-09,
2.6,89.5,148,106,89,72,2.23E-09,4.95E-09,
2.7,111.8,148,106,89,72,2.56E-09,3.66E-09,
2.8,131.35,148,106,89,72,6.01E-09,1.09E-08,
2.9,109.15,148,106,89,72,4.34E-09,6.17E-09,
3,106.7,148,106,89,72,2.68E-09,4.92E-09,
3.1,103.8,148,107.6,90.6,68,2.15E-09,6.34E-09,
3.2,94.35,148,108,91,67,2.13E-09,5.13E-09,
3.3,92.5,148,108,91,67,2.25E-09,4.25E-09,
3.4,91.25,148,108,91,67,2.50E-09,3.50E-09,
3.5,89.15,148,108,91,67,2.01E-09,3.15E-09,
3.6,127.8,148,108,91,67,3.02E-09,3.35E-09,
3.7,120.8,148,108,91,67,5.66E-09,8.39E-09,
3.8,106.85,148,108,91,67,3.09E-09,7.65E-09,
3.9,109.35,148,108,91,67,2.10E-09,3.84E-09,
4,101.1,148.75,106.5,88.75,66.25,1.99E-09,6.69E-09,
4.1,94.5,149,106,88,66,2.34E-09,3.57E-09,
4.2,93.45,149,106,88,66,2.30E-09,4.62E-09,
4.3,90.7,149,106,88,66,1.37E-09,3.92E-09,
4.4,119.9,149,106,88,66,2.26E-09,4.84E-09,
4.5,129.35,149,106,88,66,6.08E-09,9.97E-09,
4.6,111.75,149,106,88,66,3.70E-09,6.25E-09,
4.7,108.75,149,106,88,66,2.61E-09,4.05E-09,
4.8,105.1,149,105.9,88.05,66.15,2.78E-09,5.84E-09,
4.9,95.75,149,104,89,69,2.49E-09,4.81E-09,
5,93.8,149,104,89,69,2.64E-09,4.12E-09,
5.1,91.65,149,104,89,69,2.15E-09,4.00E-09,
5.2,96.9,149,104,89,69,2.60E-09,3.65E-09,
5.3,141.45,149,104,89,69,4.47E-09,8.69E-09,
5.4,120.15,149,104,89,69,4.86E-09,1.13E-08,
5.5,107.85,149,104,89,69,3.87E-09,5.05E-09,
5.6,111.1,149,104,89,69,2.92E-09,6.57E-09,
5.7,99.5,151.55,104.85,88.15,72.4,2.87E-09,3.57E-09,
5.8,94.55,152,105,88,73,2.63E-09,4.93E-09,
5.9,93,152,105,88,73,2.67E-09,3.57E-09,
6,90.3,152,105,88,73,1.12E-09,3.96E-09,
6.1,98.95,152,105,88,73,2.34E-09,3.07E-09,
6.2,141.4,152,105,88,73,5.19E-09,6.57E-09,
6.3,120.75,152,105,88,73,5.93E-09,1.02E-08,
6.4,107.8,152,105,88,73,3.76E-09,4.69E-09,
6.5,110.8,152.15,105.15,88.3,72.7,3.11E-09,6.07E-09,
6.6,99.2,153,106,90,71,3.15E-09,5.02E-09,
6.7,94.85,153,106,90,71,2.07E-09,4.94E-09,
6.8,92.95,153,106,90,71,2.05E-09,4.39E-09,
6.9,90.55,153,106,90,71,2.29E-09,5.08E-09,
7,89.5,153,106,90,71,2.29E-09,3.85E-09,
7.1,137.35,153,106,90,71,4.00E-09,1.03E-08,
7.2,122.9,153,106,90,71,5.84E-09,1.78E-08,
7.3,110.95,153,106,90,71,3.68E-09,5.85E-09,
7.4,111.1,153,106,90,71,3.14E-09,8.00E-09,
7.5,102.8,153,106,90,71,2.09E-09,5.67E-09,
7.6,95.6,150.5,106,90,69,2.62E-09,5.40E-09,
7.7,97.1,148,106,90,67,2.35E-09,3.61E-09,
7.8,93.65,148,106,90,67,2.19E-09,4.05E-09,
7.9,91.4,148,106,90,67,1.57E-09,2.95E-09,
8,136.85,148,106,90,67,4.24E-09,7.12E-09,
8.1,114.5,148,106,90,67,4.26E-09,1.13E-08,
8.2,103.25,148,106,90,67,3.42E-09,8.32E-09,
8.3,108.95,148.15,106,89.85,66.55,2.77E-09,6.45E-09,
8.4,97.2,149,106,89,64,2.62E-09,4.45E-09,
8.5,93,149,106,89,64,2.81E-09,3.47E-09,
8.6,92.35,149,106,89,64,2.56E-09,3.84E-09,
8.7,90.8,149,106,89,64,1.64E-09,4.40E-09,
8.8,129.25,149,106,89,64,2.80E-09,6.28E-09,
8.9,122.85,149,106,89,64,6.17E-09,5.14E-09,
9,107.4,149,106,89,64,3.93E-09,4.83E-09,
9.1,110.75,149,106,89,64,2.69E-09,5.26E-09,
9.2,101.8,149.3,106.3,88.7,65.2,2.77E-09,4.51E-09,
9.3,96,150,107,88,68,2.62E-09,3.84E-09,
9.4,94.55,150,107,88,68,2.75E-09,4.77E-09,
9.5,95.85,150,107,88,68,1.80E-09,2.81E-09,
9.6,139.85,150,107,88,68,3.12E-09,8.31E-09,
9.7,122.4,150,107,88,68,5.24E-09,8.71E-09,
9.8,109.2,150,107,88,68,3.77E-09,5.88E-09,
9.9,112.8,150,107,88,68,2.72E-09,5.74E-09,
10,101.9,150.2,106.85,87.95,68.2,3.14E-09,3.16E-09,
10.1,96.5,154,104,87,72,2.37E-09,4.71E-09,
10.2,94.85,154,104,87,72,2.21E-09,2.89E-09,
10.3,97.1,154,104,87,72,2.09E-09,4.20E-09,
10.4,143.7,154,104,87,72,5.19E-09,1.05E-08,
10.5,125.35,154,104,87,72,5.79E-09,8.30E-09,
10.6,111.4,154,104,87,72,3.78E-09,6.29E-09,
10.7,114.75,154,104,87,72,3.02E-09,6.06E-09,
10.8,103,154.75,104.75,88,73.25,2.56E-09,7.55E-09,
10.9,97.45,157,107,91,77,2.88E-09,3.90E-09,
11,95.8,157,107,91,77,2.79E-09,4.85E-09,
11.1,92.7,157,107,91,77,1.80E-09,3.52E-09,
11.2,107.45,157,107,91,77,1.98E-09,4.02E-09,
11.3,144.55,157,107,91,77,6.24E-09,1.29E-08,
11.4,124.7,157,107,91,77,5.63E-09,8.21E-09,
11.5,110.7,157,107,91,77,3.01E-09,4.77E-09,
11.6,113.75,157,107,91,77,3.09E-09,7.24E-09,
11.7,101.6,157,107,91,77,3.23E-09,5.11E-09,
11.8,97.55,156.4,107.3,91.3,76.85,2.62E-09,5.54E-09,
11.9,95.6,153,109,93,76,2.04E-09,3.19E-09,
12,92.1,153,109,93,76,2.06E-09,3.92E-09,
12.1,102.7,153,109,93,76,2.20E-09,3.15E-09,
12.2,142.55,153,109,93,76,5.85E-09,9.76E-09,
12.3,120.1,153,109,93,76,4.05E-09,8.58E-09,
12.4,108.05,153,109,93,76,3.47E-09,5.42E-09,
12.5,111.75,150,109,92.4,71.2,2.99E-09,5.56E-09,
12.6,99.3,148,109,92,68,2.05E-09,5.23E-09,
12.7,95.35,148,109,92,68,2.04E-09,4.36E-09,
12.8,93.55,148,109,92,68,2.69E-09,3.40E-09,
12.9,90.75,148,109,92,68,2.34E-09,4.59E-09,
13,99.45,148,109,92,68,2.49E-09,3.91E-09,
13.1,136.4,148,109,92,68,5.69E-09,8.51E-09,
13.2,109.55,148,109,92,68,4.65E-09,1.04E-08,
13.3,102.9,148,109,92,68,2.98E-09,5.03E-09,
13.4,105.3,146.5,109,92,67,2.55E-09,4.57E-09,
13.5,93.85,145,109,92,66,3.20E-09,3.49E-09,
13.6,92.05,145,109,92,66,3.07E-09,4.56E-09,
13.7,90.2,145,109,92,66,2.18E-09,3.76E-09,
13.8,92.35,145,109,92,66,2.93E-09,5.45E-09,
13.9,135.1,145,109,92,66,4.57E-09,9.80E-09,
14,111.65,145,109,92,66,4.88E-09,7.62E-09,
14.1,101,145,109,92,66,3.14E-09,4.77E-09,
14.2,106.8,145,109,92,66,2.39E-09,5.30E-09,
14.3,94.8,145,108,91.5,66,2.33E-09,3.39E-09,
14.4,92.75,145,107,91,66,2.10E-09,3.43E-09,
14.5,91.3,145,107,91,66,2.29E-09,6.21E-09,
14.6,118,145,107,91,66,3.11E-09,2.67E-09,
14.7,125.4,145,107,91,66,5.87E-09,9.69E-09,
14.8,103.3,145,107,91,66,3.91E-09,4.93E-09,
14.9,104.35,145,107,91,66,2.56E-09,5.11E-09,
15,99.65,145,107,91,66,2.29E-09,7.99E-09,
15.1,91.8,145.3,105.8,90.4,68.1,3.09E-09,4.97E-09,
15.2,90.55,146,103,89,73,3.06E-09,1.94E-09,
15.3,91.65,146,103,89,73,2.94E-09,4.05E-09,
15.4,135.55,146,103,89,73,3.82E-09,1.16E-08,
15.5,111.8,146,103,89,73,4.31E-09,1.04E-08,
15.6,100.15,146,103,89,73,3.52E-09,4.99E-09,
15.7,105.05,146,103,89,73,1.95E-09,5.08E-09,
15.8,94.1,146,103,89,73,2.23E-09,7.48E-09,
15.9,89.55,146,103,89,73,2.74E-09,4.35E-09,
16,87.7,146.05,103,89,73,2.52E-09,4.11E-09,
16.1,104.3,147,103,89,73,2.31E-09,4.76E-09,
16.2,133.75,147,103,89,73,6.05E-09,1.06E-08,
16.3,110.6,147,103,89,73,4.41E-09,7.77E-09,
16.4,101.8,147,103,89,73,2.62E-09,3.59E-09,
16.5,103.65,147,103,89,73,2.46E-09,5.59E-09,
16.6,92.35,147.3,103.3,89.6,75.4,2.83E-09,4.03E-09,
16.7,89.35,148,103.4,91,79.8,2.59E-09,3.53E-09,
16.8,87.5,148,103,91,79,2.02E-09,3.86E-09,
16.9,107.85,148,103,91,79,2.07E-09,4.91E-09,
17,133.25,148,103,91,79,6.73E-09,6.93E-09,
17.1,112.1,148,103,91,79,5.49E-09,8.59E-09,
17.2,102.3,148,103,91,79,2.40E-09,5.35E-09,
17.3,103.5,148,103,91,79,1.70E-09,3.12E-09,
17.4,92.3,146.05,102.35,89.05,78.35,2.20E-09,4.54E-09,
17.5,89.85,145,102,88,78,2.27E-09,3.92E-09,
17.6,90.8,145,102,88,78,2.43E-09,3.13E-09,
17.7,134.15,145,102,88,78,3.76E-09,1.08E-08,
17.8,115.45,145,102,88,78,5.26E-09,1.20E-08,
17.9,102,145,102,88,78,4.00E-09,7.06E-09,
18,105.1,145,102,88,78,1.82E-09,5.46E-09,
18.1,95.35,145,102,88,78,2.69E-09,8.39E-09,
18.2,90.1,145,102.7,87.3,75.9,2.57E-09,3.84E-09,
18.3,89.75,145,103,87,75,3.09E-09,3.48E-09,
18.4,131.45,145,103,87,75,4.31E-09,9.19E-09,
18.5,114.65,145,103,87,75,5.69E-09,8.08E-09,
18.6,99.6,145,103,87,75,3.74E-09,5.39E-09,
18.7,103.8,145,103,87,75,2.08E-09,4.16E-09,
18.8,93.8,145,103,87,75,2.56E-09,7.93E-09,
18.9,89.4,145,103,87,75,2.48E-09,3.47E-09,
19,87.7,145,103,87,75,2.79E-09,3.69E-09,
19.1,114.05,145,103,87,75,2.37E-09,5.54E-09,
19.2,121.85,143.2,103,87,75,4.65E-09,1.21E-08,
19.3,97.65,143,103,87,75,3.65E-09,5.27E-09,
19.4,102.35,143,103,87,75,2.66E-09,8.75E-09,
19.5,95.65,143,103,87,75,2.23E-09,6.29E-09,
19.6,89.2,143.2,103.4,87.4,76,2.39E-09,3.83E-09,
19.7,88,144,105,89,80,2.11E-09,4.61E-09,
19.8,109.1,144,104.55,89,82.25,2.79E-09,3.26E-09,
19.9,127.7,144,104,89,85,5.94E-09,1.20E-08,
20,101.8,144,104,89,85,3.37E-09,1.07E-08,
20.1,102.4,144,104,89,85,3.63E-09,6.77E-09,
20.2,98.8,144,104,89,85,2.14E-09,5.31E-09,
20.3,90.9,144,104,89,85,2.21E-09,4.09E-09,
20.4,89.2,144.8,102.4,88.2,81.8,2.27E-09,5.08E-09,
20.5,114.7,145,102,88,81,2.37E-09,4.70E-09,
20.6,126.35,145,102,88,81,6.63E-09,1.13E-08,
20.7,102.5,145,102,88,81,3.91E-09,7.22E-09,
20.8,102.3,145,102,88,81,2.94E-09,4.22E-09,
20.9,98.2,145,102,88,81,2.30E-09,5.79E-09,
21,89.85,145,102,88,81,3.49E-09,4.31E-09,
21.1,88.35,145,102,88,81,3.22E-09,3.74E-09,
21.2,99.85,145.2,102,88,81,2.39E-09,3.76E-09,
21.3,135,147,102,88,81,4.97E-09,1.27E-08,
21.4,109.65,147,102,88,81,4.19E-09,7.62E-09,
21.5,100.1,147,102,88,81,3.39E-09,4.71E-09,
21.6,103.05,147,102,88,81,1.83E-09,1.21E-08,
21.7,91.3,147,102,88,81,3.16E-09,5.82E-09,
21.8,88.3,148.7,101.15,88,84.4,2.67E-09,3.44E-09,
21.9,86.85,149,102.3,88,86.3,2.67E-09,4.02E-09,
22,95,149,103,88,87,2.85E-09,4.18E-09,
22.1,137.75,149,103,88,87,5.99E-09,1.04E-08,
22.2,112.55,149,103,88,87,4.70E-09,9.78E-09,
22.3,100.8,149,103,88,87,3.53E-09,8.05E-09,
22.4,104.2,149,103,88,87,2.39E-09,4.26E-09,
22.5,92.6,147.35,102.45,88,84.25,2.90E-09,4.24E-09,
22.6,88.45,146,102,88,82,2.59E-09,3.80E-09,
22.7,87.4,146,102,88,82,1.98E-09,4.49E-09,
22.8,85.1,146,102,88,82,2.39E-09,3.48E-09,
22.9,125.9,146,102,88,82,2.97E-09,7.00E-09,
23,117.35,146,102,88,82,4.94E-09,8.82E-09,
23.1,102.25,146,102,88,82,2.97E-09,6.19E-09,
23.2,102.35,146,102,88,82,1.89E-09,6.06E-09,
23.3,95.65,145.7,101.9,87.9,81.2,2.78E-09,6.99E-09,
23.4,88.25,143,101,87,74,2.72E-09,4.71E-09,
23.5,86.75,143,101,87,74,2.82E-09,4.59E-09,
23.6,84.5,143,101,87,74,2.09E-09,4.98E-09,
23.7,103.15,143,101,87,74,2.63E-09,5.20E-09,
23.8,127.5,143,101,87,74,6.49E-09,1.24E-08,
23.9,103.1,143,101,87,74,3.96E-09,5.92E-09,
24,98.35,143,101,87,74,1.96E-09,4.71E-09,
24.1,98.85,143,101,87,74,1.63E-09,5.56E-09,
24.2,88.4,143,101,87,74,2.66E-09,4.01E-09,
24.3,86.3,143,101,87,74,2.58E-09,3.30E-09,
24.4,84.75,139,100.2,85.4,71.6,2.01E-09,3.28E-09,
24.5,99.95,138,100,85,71,2.15E-09,3.42E-09,
24.6,124.45,138,100,85,71,5.76E-09,1.09E-08,
24.7,97.45,138.85,100,85,71,3.83E-09,5.83E-09,
24.8,97.65,139,100,85,71,2.03E-09,3.91E-09,
24.9,96.65,139,100,85,71,2.22E-09,5.80E-09,
25,87.3,139,100,84.65,71,2.16E-09,4.48E-09,
25.1,86.25,139,100,84,71,2.52E-09,3.37E-09,
25.2,84.35,139,100,84,71,2.46E-09,3.29E-09,
25.3,106.25,139,100,84,71,1.82E-09,3.51E-09,
25.4,121.95,139,100,84,71,5.42E-09,1.11E-08,
25.5,98.55,139,100,84,71,3.64E-09,9.19E-09,
25.6,99.5,139,100,84,71,1.31E-09,4.44E-09,
25.7,96.2,139,100,84,71,2.17E-09,5.13E-09,
25.8,87.9,140.95,99.35,84,72.95,2.18E-09,4.34E-09,
25.9,86.85,142,99,84,74,2.61E-09,3.55E-09,
26,86.25,142,99,84,74,1.96E-09,4.87E-09,
26.1,125.15,142,99,84,74,3.56E-09,8.92E-09,
26.2,114.95,142,99,84,74,6.25E-09,8.81E-09,
26.3,100.35,142,99,84,74,3.06E-09,7.10E-09,
26.4,103.35,142,99,84,74,2.73E-09,5.39E-09,
26.5,95.75,142,99,84,74,2.78E-09,5.53E-09,
26.6,89,144.25,97.5,84,75.5,3.03E-09,4.09E-09,
26.7,87.7,145,97,84,76,3.10E-09,4.63E-09,
26.8,90.4,145,97,84,76,2.31E-09,3.90E-09,
26.9,135,145,97,84,76,5.22E-09,6.39E-09,
27,115.05,145,97,84,76,6.08E-09,9.95E-09,
27.1,102.75,145,97,84,76,4.06E-09,6.30E-09,
27.2,105.75,145,97,84,76,2.75E-09,6.89E-09,
27.3,95.4,145,97,84,76,2.81E-09,4.67E-09,
27.4,90.2,145,97,84,76,2.30E-09,3.54E-09,
27.5,88.55,145.7,97.7,85.4,77.4,2.56E-09,4.21E-09,
27.6,87.45,146,98,86,78,2.90E-09,4.24E-09,
27.7,130.95,146,98,86,78,3.80E-09,5.51E-09,
27.8,118.5,146,98,86,78,5.75E-09,8.77E-09,
27.9,111.2,146,98,86,78,4.44E-09,7.15E-09,
28,115.5,146,98,86,78,3.72E-09,6.74E-09,
28.1,115.25,146,98.75,86,78,2.87E-09,7.18E-09,
28.2,115.3,146,101,86,78,2.44E-09,6.07E-09,
28.3,115.45,146,101,86,78,2.83E-09,3.66E-09,
28.4,115.25,146,101,86,78,3.46E-09,3.29E-09,
28.5,115.7,146,101,86,78,2.17E-09,6.85E-09,
28.6,115.1,146,101,86,78,5.89E-09,1.00E-08,
28.7,105.35,146,101,86,78,4.21E-09,7.72E-09,
28.8,103.9,146,101,86,78,3.20E-09,5.50E-09,
28.9,103.95,146.6,101.15,86,77.25,3.19E-09,7.13E-09,
29,103.95,150,102,86,73,2.32E-09,3.97E-09,
29.1,103.95,150,102,86,73,3.13E-09,5.92E-09,
29.2,103.9,150,102,86,73,2.21E-09,3.53E-09,
29.3,104.1,150,102,86,73,3.82E-09,4.91E-09,
29.4,103.85,150,102,86,73,5.13E-09,1.02E-08,
29.5,104.35,150,102,86,73,4.49E-09,1.08E-08,
29.6,104,150,102,86,73,2.78E-09,8.07E-09,
29.7,105.55,150,102,86,73,3.44E-09,5.65E-09,
29.8,91.95,150,102,86,73,2.75E-09,5.51E-09,
29.9,91.95,150,102,86,73,2.55E-09,4.49E-09,
30,91.2,150,102,86,73,2.51E-09,3.70E-09,
30.1,135.1,150,102,86,73,3.84E-09,6.78E-09,
30.2,119.3,150,102,86,73,5.83E-09,1.13E-08,
30.3,105.55,150,102,86,73,3.86E-09,7.52E-09,
30.4,110.35,150,102,86,73,3.12E-09,5.86E-09,
30.5,99.4,150,102,86,73,3.35E-09,4.93E-09,
30.6,93.7,150.3,102.4,86.4,73.3,3.01E-09,3.87E-09,
30.7,92.1,153,106,90,76,2.66E-09,4.45E-09,
30.8,93.3,153,106,90,76,2.41E-09,4.00E-09,
30.9,140.95,153,106,90,76,5.35E-09,1.24E-08,
31,121.65,153,106,90,76,5.75E-09,1.09E-08,
31.1,108.35,153.95,106,90,76,3.86E-09,4.36E-09,
31.2,111.4,154,106,90,76,2.41E-09,4.06E-09,
31.3,100.1,154,106,90,76,3.18E-09,5.60E-09,
31.4,94.1,154,106,90,76,3.09E-09,3.48E-09,
31.5,92.75,154,106,90,76,2.44E-09,4.21E-09,
31.6,89.7,154,106,90,76,1.93E-09,2.86E-09,
31.7,121.45,154,106,90,76,3.21E-09,7.36E-09,
31.8,132.5,154,106,90,76,6.50E-09,1.47E-08,
31.9,115.4,153.75,106,90,76,4.34E-09,1.22E-08,
32,108.55,153,106,90,76,3.17E-09,5.01E-09,
32.1,106.1,153,106,90,76,1.71E-09,3.98E-09,
32.2,95.95,153,106,90,76,2.42E-09,3.92E-09,
32.3,93.35,153,106,90,76,2.71E-09,4.19E-09,
32.4,91.9,153,106,90,76,2.06E-09,2.80E-09,
32.5,90.2,153,106,90,76,1.76E-09,4.17E-09,
32.6,137.65,153,106,90,76,3.43E-09,4.51E-09,
32.7,121.75,153,106,90,76,6.18E-09,1.13E-08,
32.8,108.3,153,106,90,76,3.77E-09,5.19E-09,
32.9,109.8,153,106,90,76,2.45E-09,5.36E-09,
33,99.1,148.75,106.85,90,71.75,3.13E-09,5.76E-09,
33.1,92.6,148,107,90,71,2.81E-09,3.79E-09,
33.2,90.95,148,107,90,71,1.95E-09,2.65E-09,
33.3,88.95,148,107,90,71,2.53E-09,3.61E-09,
33.4,89.35,148,107,90,71,2.20E-09,3.27E-09,
33.5,135.4,148,107,90,71,3.79E-09,1.03E-08,
33.6,112,148,107,90,71,4.41E-09,7.37E-09,
33.7,101.15,148,107,90,71,2.42E-09,3.40E-09,
33.8,106,147.7,106.85,89.85,70.7,2.25E-09,5.50E-09,
33.9,94.5,146,106,89,69,2.11E-09,4.44E-09,
34,89.95,146,106,89,69,2.87E-09,3.93E-09,
34.1,88.9,146,106,89,69,2.18E-09,4.36E-09,
34.2,86.5,146,106,89,69,1.90E-09,5.57E-09,
34.3,112.85,146,106,89,69,1.99E-09,3.49E-09,
34.4,123.8,146,106,89,69,5.66E-09,1.25E-08,
34.5,101.65,146,106,89,69,3.58E-09,7.15E-09,
34.6,102.1,146,106,89,69,2.25E-09,4.47E-09,
34.7,98.1,146,106,89,69,1.74E-09,6.13E-09,
34.8,89.45,146.9,105.1,88.55,68.1,2.16E-09,3.61E-09,
34.9,88.25,148,104,88,67,2.07E-09,3.35E-09,
35,87,148,104,88,67,1.57E-09,3.99E-09,
35.1,121.95,148,104,88,67,2.52E-09,7.67E-09,
35.2,120.15,148,104,88,67,6.04E-09,8.82E-09,
35.3,100.95,148,104,88,67,3.51E-09,7.57E-09,
35.4,101.55,148,104,88,67,2.16E-09,5.70E-09,
35.5,96.15,148,104,88,67,2.55E-09,5.24E-09,
35.6,88.65,148.8,101.6,87.2,70.2,2.60E-09,4.45E-09,
35.7,87.9,149,101,87,71,2.18E-09,3.31E-09,
35.8,88.45,149,101,87,71,1.73E-09,3.00E-09,
35.9,134.8,149,101,87,71,4.31E-09,7.74E-09,
36,113.15,149,101,87,71,4.08E-09,1.08E-08,
36.1,100.6,149,101,87,71,3.57E-09,6.66E-09,
36.2,104.95,149,101,87,71,2.05E-09,7.04E-09,
36.3,94.8,149,101,87,71,2.84E-09,5.42E-09,
36.4,89.7,147.2,101,86.1,75.5,2.74E-09,4.29E-09,
36.5,89.4,147,101,86,76,2.38E-09,3.49E-09,
36.6,87.6,147,101,86,76,2.21E-09,4.76E-09,
36.7,130.05,147,101,86,76,3.69E-09,1.11E-08,
36.8,114.15,147,101,86,76,5.40E-09,1.21E-08,
36.9,102.1,147,101,86,76,3.39E-09,5.78E-09,
37,101.7,147,101,86,76,1.99E-09,8.72E-09,
37.1,94.85,146.7,101,86.15,76.15,2.11E-09,6.39E-09,
37.2,87.45,145,101,87,77,2.72E-09,4.76E-09,
37.3,86.8,145,101,87,77,2.77E-09,4.12E-09,
37.4,84.5,145,101,87,77,2.36E-09,4.23E-09,
37.5,112.2,145,101,87,77,2.61E-09,4.89E-09,
37.6,125.25,145,101,87,77,6.55E-09,8.52E-09,
37.7,107.35,145,101,87,77,3.35E-09,1.11E-08,
37.8,100.9,145,101,87,77,2.84E-09,4.94E-09,
37.9,99.85,145,101,87,77,2.52E-09,6.42E-09,
38,89.3,145,101.8,87.8,74.6,2.65E-09,4.38E-09,
38.1,87.15,145,102,88,74,3.37E-09,4.59E-09,
38.2,85.55,145,102,88,74,2.68E-09,5.00E-09,
38.3,94.4,145,102,88,74,1.28E-09,2.83E-09,
38.4,134.15,145,102,88,74,6.73E-09,9.08E-09,
38.5,108.95,145,102,88,74,3.92E-09,6.93E-09,
38.6,99.4,145,102,88,74,3.24E-09,5.52E-09,
38.7,102.75,145,102,88,74,2.06E-09,5.46E-09,
38.8,91.45,145,100.3,86.3,72.3,2.04E-09,3.06E-09,
38.9,87.35,145,100,86,72,2.07E-09,5.46E-09,
39,86.35,145,100,86,72,2.30E-09,2.49E-09,
39.1,84.85,145,100,86,72,2.33E-09,3.19E-09,
39.2,127.8,145,100,86,72,3.67E-09,6.99E-09,
39.3,113.85,145,100,86,72,5.82E-09,6.89E-09,
39.4,100.35,145,100,86,72,2.79E-09,3.72E-09,
39.5,102.9,145,100,86,72,1.90E-09,5.29E-09,
39.6,94.7,142.5,100,84.5,72,2.93E-09,6.04E-09,
39.7,88.1,140,100,83,72,2.46E-09,3.22E-09,
39.8,86.95,140,100,83,72,2.14E-09,3.13E-09,
39.9,85.9,140,100,83,72,2.48E-09,3.09E-09,
40,125.45,140,100,83,72,3.92E-09,7.18E-09,
40.1,108.75,140,100,83,72,5.05E-09,1.14E-08,
40.2,94.75,140,100,83,72,2.44E-09,4.19E-09,
40.3,101.75,140,100,83,72,1.85E-09,5.78E-09,
40.4,91.3,140.1,100,83.05,71.95,1.65E-09,5.09E-09,
40.5,86.7,142,100,84,71,2.20E-09,2.80E-09,
40.6,85.6,142,100,84,71,2.14E-09,3.56E-09,
40.7,102.7,142,100,84,71,1.92E-09,3.65E-09,
40.8,128.3,142,100,84,71,6.80E-09,1.42E-08,
40.9,102.35,142,100,84,71,3.96E-09,7.06E-09,
41,100.1,142,100,84,71,2.24E-09,3.86E-09,
41.1,99.8,142,100,84,71,2.55E-09,3.55E-09,
41.2,89.4,142.45,100,84.15,71.75,2.59E-09,3.71E-09,
41.3,88.35,145,100,85,76,3.07E-09,3.13E-09,
41.4,89.7,145,100,85,76,3.00E-09,3.73E-09,
41.5,134.15,145,100,85,76,3.36E-09,1.16E-08,
41.6,112.3,145,100,85,76,5.02E-09,7.65E-09,
41.7,100.35,145,100,85,76,2.74E-09,4.24E-09,
41.8,104.95,145,100,85,76,1.58E-09,5.17E-09,
41.9,95.25,145,100,85,76,2.82E-09,4.56E-09,
42,89.75,145,100,85,76,2.37E-09,4.24E-09,
42.1,87.65,145,100,85,76,2.33E-09,4.19E-09,
42.2,90.95,146.9,100,85,76,2.96E-09,4.18E-09,
42.3,136.75,147,100,85,76,5.43E-09,7.97E-09,
42.4,113.6,147,100,85,76,5.36E-09,1.02E-08,
42.5,101.8,147,100,85,76,3.03E-09,5.25E-09,
42.6,105.25,147,100,85,76,2.49E-09,7.12E-09,
42.7,93.7,147,99.5,85.25,77,2.46E-09,3.58E-09,
42.8,88.8,147,99.5,86,80.5,1.98E-09,4.24E-09,
42.9,87.6,147,101,86,81,2.11E-09,2.97E-09,
43,88.15,147,101,86,81,2.20E-09,3.20E-09,
43.1,134.6,147,101,86,81,5.07E-09,7.29E-09,
43.2,114.75,147,101,86,81,5.80E-09,6.82E-09,
43.3,102.4,147,101,86,81,4.29E-09,8.48E-09,
43.4,105.05,147,101,86,81,1.62E-09,5.66E-09,
43.5,94.95,145.65,101.45,86.45,79.2,2.99E-09,5.21E-09,
43.6,88.25,144,102,87,77,2.41E-09,3.06E-09,
43.7,87.75,144,102,87,77,2.15E-09,3.70E-09,
43.8,85.5,144,102,87,77,2.43E-09,2.77E-09,
43.9,113.15,144,102,87,77,2.52E-09,4.61E-09,
44,121.1,144,102,87,77,5.30E-09,9.81E-09,
44.1,98.85,144,102,87,77,3.90E-09,9.44E-09,
44.2,101.35,144,102,87,77,2.60E-09,4.28E-09,
44.3,96.65,144.25,102,86,76,2.65E-09,5.26E-09,
44.4,88.55,145,102,83,73,2.37E-09,4.90E-09,
44.5,86.35,145,102,83,73,2.37E-09,2.74E-09,
44.6,84.25,145,102,83,73,2.63E-09,3.63E-09,
44.7,118.95,145,102,83,73,3.10E-09,5.23E-09,
44.8,119,145,102,83,73,5.81E-09,1.02E-08,
44.9,99.45,145,102,83,73,3.93E-09,6.13E-09,
45,101,145,102,83,73,2.42E-09,4.65E-09,
45.1,95.15,145,102,83,73,2.57E-09,6.88E-09,
45.2,87.75,145,102,83,73,2.78E-09,4.63E-09,
45.3,87,145,101.6,84.2,72.2,2.71E-09,3.19E-09,
45.4,87.65,145,101,86,71,2.47E-09,3.73E-09,
45.5,131.55,145,101,86,71,4.77E-09,6.31E-09,
45.6,113.55,145,101,86,71,5.56E-09,9.53E-09,
45.7,100.7,145,101,86,71,3.38E-09,5.44E-09,
45.8,104.6,145,101,86,71,2.35E-09,5.41E-09,
45.9,94.65,145,101,86,71,2.99E-09,4.30E-09,
46,88.95,149.75,99.1,85.05,75.75,2.38E-09,3.25E-09,
46.1,87.9,150,99,85,76,2.45E-09,4.44E-09,
46.2,86.35,150,99,85,76,1.98E-09,3.38E-09,
46.3,129.4,150,99,85,76,4.62E-09,8.55E-09,
46.4,118.95,150,99,85,76,6.27E-09,7.64E-09,
46.5,105.1,150,99,85,76,3.88E-09,7.67E-09,
46.6,104.25,150,99,85,76,2.71E-09,5.12E-09,
46.7,98.3,149.8,99.2,85,76.2,2.36E-09,5.98E-09,
46.8,90.3,149,100,85,77,2.45E-09,4.25E-09,
46.9,88.25,149,100,85,77,2.97E-09,5.12E-09,
47,85.7,149,100,85,77,2.37E-09,4.15E-09,
47.1,110.3,149,100,85,77,2.12E-09,4.59E-09,
47.2,130,149,100,85,77,6.41E-09,1.06E-08,
47.3,109.5,149,100,85,77,3.37E-09,7.33E-09,
47.4,102.2,149,100,85,77,2.62E-09,3.79E-09,
47.5,100.3,148.85,100.05,85.05,76.8,2.75E-09,3.94E-09,
47.6,89.75,146,101,86,73,2.49E-09,5.16E-09,
47.7,88.2,146,101,86,73,2.92E-09,4.82E-09,
47.8,87.1,146,101,86,73,2.14E-09,2.82E-09,
47.9,95.35,146,101,86,73,1.81E-09,3.24E-09,
48,135.35,146,101,86,73,5.32E-09,8.50E-09,
48.1,108.15,146,101,86,73,3.93E-09,8.36E-09,
48.2,99.6,146,101,86,73,2.71E-09,5.97E-09,
48.3,103.55,146,101,86,73,2.13E-09,3.95E-09,
48.4,92.1,146,101,86,73,2.45E-09,5.00E-09,
48.5,88.75,144.3,101.85,85.15,72.15,2.19E-09,3.91E-09,
48.6,87.35,144,102,85,72,3.13E-09,3.86E-09,
48.7,87,144,102,85,72,2.30E-09,3.17E-09,
48.8,131.6,144,102,85,72,4.15E-09,7.95E-09,
48.9,107.55,144,102,85,72,4.23E-09,8.14E-09,
49,97.6,144,102,85,72,2.94E-09,5.01E-09,
49.1,102.8,144,102,85,72,2.01E-09,4.24E-09,
49.2,92,145,101.5,84.5,72,1.73E-09,4.41E-09,
49.3,87.95,146,101,84,72,2.33E-09,3.60E-09,
49.4,87.05,146,101,84,72,1.75E-09,3.28E-09,
49.5,90.5,146,101,84,72,1.86E-09,3.62E-09,
49.6,134.65,146,101,84,72,3.94E-09,1.15E-08,
49.7,106.6,146,101,84,72,3.92E-09,4.94E-09,
49.8,97.7,146,101,84,72,2.38E-09,3.99E-09,
49.9,103.3,146,101,84,72,1.88E-09,6.98E-09,
50,91.3,146.25,101,84.25,72,2.35E-09,3.83E-09,
50.1,88.7,147,101,85,72,2.80E-09,4.11E-09,
50.2,87.75,147,101,85,72,2.04E-09,4.08E-09,
50.3,119.9,147,101,85,72,3.02E-09,4.81E-09,
50.4,121.95,147,101,85,72,6.31E-09,9.70E-09,
50.5,103.55,147,101,85,72,4.33E-09,6.23E-09,
50.6,103.9,147,101,85,72,2.23E-09,6.09E-09,
50.7,99.35,147,101,85,72,2.23E-09,4.15E-09,
50.8,90.65,147.6,100.4,84.7,72.9,2.80E-09,3.88E-09,
50.9,89.8,149,99,84,75,2.37E-09,5.33E-09,
51,99.3,149,99,84,75,2.91E-09,3.14E-09,
51.1,138.1,149,99,84,75,6.10E-09,8.51E-09,
51.2,112.25,149,99,84,75,4.97E-09,1.02E-08,
51.3,103.05,149,99,84,75,3.13E-09,5.64E-09,
51.4,107.15,149,99,84,75,2.55E-09,7.29E-09,
51.5,94.6,149,99,84,75,2.39E-09,4.56E-09,
51.6,91.9,150.35,99.9,85.35,77.7,3.28E-09,4.67E-09,
51.7,90.2,152,101,87,81,2.62E-09,5.95E-09,
51.8,97.75,152,101,87,81,2.36E-09,2.76E-09,#* co2 33 
51.9,140.15,152,101,87,81,6.80E-09,1.52E-08,
52,115.85,150.95,101,87,81,5.52E-09,7.59E-09,
52.1,105.2,149,101,87,81,3.00E-09,6.21E-09,
52.2,107.9,149,101,87,81,3.37E-09,8.66E-09,
52.3,96.4,149,103,88,81,2.17E-09,5.10E-09,
52.4,92.05,149,103,88,81,2.11E-09,3.49E-09,
52.5,90,149,103,88,81,3.00E-09,3.62E-09,
52.6,89.65,149,103,88,81,2.85E-09,3.40E-09,
52.7,136.3,149,103,88,81,3.88E-09,7.87E-09,
52.8,116.8,149,103,88,81,5.25E-09,1.20E-08,
52.9,103.85,149,103,88,81,3.50E-09,5.42E-09,
53,107.7,149,103,88,81,2.61E-09,7.99E-09,
53.1,97.45,148.55,103.45,88,77.85,2.72E-09,5.15E-09,
53.2,91.7,148,104,88,74,2.78E-09,3.24E-09,
53.3,90.65,148,104,88,74,2.31E-09,4.85E-09,
53.4,88.2,148,104,88,74,2.83E-09,4.04E-09,
53.5,116.7,148,104,88,74,3.00E-09,4.23E-09,
53.6,124.75,148,104,88,74,5.70E-09,1.04E-08,
53.7,102.8,148,104,88,74,4.12E-09,5.08E-09,
53.8,104.6,148,104,88,74,2.87E-09,4.22E-09,
53.9,99.3,148,104.25,88,73.75,1.64E-09,1.11E-08,
54,90.7,148,105,88,73,2.79E-09,3.91E-09,
54.1,89.8,148,105,88,73,1.77E-09,4.49E-09,
54.2,88.4,148,105,88,73,2.12E-09,3.32E-09,
54.3,104.7,148,105,88,73,2.35E-09,3.21E-09,
54.4,133.2,148,105,88,73,6.07E-09,1.18E-08,
54.5,107.7,148,105,88,73,3.95E-09,6.68E-09,
54.6,103.05,148,105,88,73,2.66E-09,4.83E-09,
54.7,103.75,148,105,88,73,2.55E-09,7.08E-09,
54.8,92.3,148.8,103.4,87.2,71.4,2.44E-09,5.20E-09,
54.9,90.35,149,103,87,71,2.75E-09,5.44E-09,
55,88.55,149,103,87,71,2.53E-09,3.13E-09,
55.1,105.75,149,103,87,71,2.55E-09,4.16E-09,
55.2,134.5,149,103,87,71,6.21E-09,8.29E-09,
55.3,109.2,149,103,87,71,4.80E-09,9.77E-09,
55.4,100.3,149,103,87,71,2.55E-09,4.47E-09,
55.5,100.85,149,103,87,71,1.71E-09,9.18E-09,
55.6,90.65,149,103,87,71,2.64E-09,5.45E-09,
55.7,88.2,149,103,87,71,2.30E-09,2.88E-09,
55.8,87.75,149.55,103,87,71,2.06E-09,3.18E-09,
55.9,88.75,150,103,87,71,1.42E-09,3.27E-09,
56,137.5,150,103,87,71,3.35E-09,8.75E-09,
56.1,114.25,150,103,87,71,4.06E-09,1.21E-08,
56.2,103.6,150,103,87,71,2.33E-09,6.46E-09,
56.3,105.8,150,103,87,71,2.35E-09,5.60E-09,
56.4,95.85,148.7,102.45,87.55,72.5,2.11E-09,4.91E-09,
56.5,89.9,148,103,87,75,2.50E-09,4.07E-09,
56.6,87.6,148,103,87,75,2.63E-09,3.56E-09,
56.7,86.35,148,103,87,75,2.56E-09,3.49E-09,
56.8,123.7,148,103,87,75,3.10E-09,5.03E-09,
56.9,119.9,148,103,87,75,5.74E-09,1.20E-08,
57,104.35,148,103,87,75,3.54E-09,3.84E-09,
57.1,103.9,148,103,87,75,2.01E-09,5.76E-09,
57.2,98.4,147.75,102.5,87.25,74,2.05E-09,5.68E-09,
57.3,90.1,147,101,88,71,2.33E-09,4.07E-09,
57.4,88.2,147,101,88,71,2.09E-09,3.44E-09,
57.5,87.15,147,101,88,71,2.37E-09,3.42E-09,
57.6,105.15,147,101,88,71,2.26E-09,3.75E-09,
57.7,129.55,147,101,88,71,4.71E-09,1.45E-08,
57.8,102.4,147,101,88,71,2.98E-09,5.39E-09,
57.9,101.1,147,101,88,71,2.31E-09,4.19E-09,
58,100.8,147,101,88,71,1.77E-09,5.69E-09,
58.1,90.2,146,102,85,72,1.83E-09,5.73E-09,
58.2,88.75,146,102,85,72,1.62E-09,3.34E-09,
58.3,87.35,146,102,85,72,1.71E-09,3.79E-09,
58.4,94.35,146,102,85,72,2.02E-09,3.30E-09,
58.5,135.45,146,102,85,72,4.54E-09,1.06E-08,
58.6,106.35,146,102,85,72,4.06E-09,6.70E-09,
58.7,100.45,146,102,85,72,2.06E-09,8.28E-09,
58.8,103.35,146,102,85,72,2.27E-09,7.14E-09,
58.9,91.85,146,102,85,72,2.16E-09,5.71E-09,
59,87.85,144.2,101.1,85.9,72,2.23E-09,3.67E-09,
59.1,86.2,144,101,86,72,2.51E-09,2.59E-09,
59.2,83.9,144,101,86,72,2.68E-09,2.99E-09,
59.3,112.45,144,101,86,72,3.16E-09,5.43E-09,
59.4,121.55,144,101,86,72,5.98E-09,7.51E-09,
59.5,100.15,144,101,86,72,3.96E-09,4.94E-09,
59.6,100.45,144,101,86,72,2.58E-09,5.16E-09,
59.7,97.1,144.45,100.55,86,72.45,3.24E-09,4.83E-09,
59.8,88.3,145,100,86,73,2.38E-09,3.44E-09,
59.9,87.55,145,100,86,73,2.38E-09,4.26E-09,
60,85.8,145,100,86,73,1.79E-09,5.15E-09,
60.1,118.45,145,100,86,73,2.38E-09,5.08E-09,
60.2,122.9,145,100,86,73,6.31E-09,9.13E-09,
60.3,101.1,145,100,86,73,4.39E-09,6.57E-09,
60.4,106.45,145,100,86,73,4.14E-09,6.22E-09,
60.5,98.7,145,100,86,73,3.93E-09,5.69E-09,
60.6,93,143.3,99.15,86,70.45,3.27E-09,5.40E-09,
60.7,90.45,143,99,86,70,2.86E-09,4.08E-09,
60.8,113.15,143,99,86,70,2.90E-09,5.21E-09,
60.9,126.95,143,99,86,70,7.63E-09,1.22E-08,
61,99.15,143,99,86,70,5.63E-09,5.56E-09,
61.1,112.55,143,99,86,70,5.08E-09,5.73E-09,
61.2,100,143,99,86,70,3.85E-09,5.54E-09,
61.3,95,143,99,86,70,3.16E-09,4.99E-09,
61.4,93.05,144.8,99,83.3,74.5,2.84E-09,4.82E-09,
61.5,119.95,145,99,83,75,3.93E-09,4.86E-09,
61.6,118.95,145,99,83,75,5.70E-09,6.59E-09,#* apnea start 
61.7,96.1,145,99,83,75,3.34E-09,4.18E-09,
61.8,106.9,145,99,83,75,2.81E-09,5.63E-09,
61.9,95,145,99,83,75,2.23E-09,4.54E-09,
62,90.4,145,99,83,75,3.25E-09,3.30E-09,
62.1,89.25,144,101.5,84.5,79.5,2.46E-09,4.73E-09,
62.2,88.4,143,104,86,84,2.45E-09,3.90E-09,
62.3,130.3,143,104,86,84,5.04E-09,7.92E-09,
62.4,101.75,143,104,86,84,4.60E-09,6.40E-09,
62.5,94.6,143,104,86,84,3.26E-09,3.94E-09,
62.6,102.85,143,104,86,84,2.36E-09,6.39E-09,
62.7,90.1,143,104,86,84,2.45E-09,5.25E-09,
62.8,87.6,143,105.7,89.4,85.7,3.08E-09,3.26E-09,
62.9,86.7,143,106,90,86,2.47E-09,2.99E-09,
63,85.25,143,106,90,86,2.45E-09,3.54E-09,
63.1,87.05,143,106,90,86,1.75E-09,2.02E-09,
63.2,130.5,143,106,90,86,4.34E-09,8.99E-09,
63.3,94.4,143,106,90,86,3.13E-09,5.65E-09,
63.4,94.65,143,106,90,86,2.62E-09,4.36E-09,
63.5,99.75,141.4,105,90.4,84.4,1.56E-09,5.51E-09,
63.6,87.3,135,101,92,78,2.37E-09,2.81E-09,
63.7,85.45,135,101,92,78,1.89E-09,2.67E-09,
63.8,84.15,135,101,92,78,2.22E-09,2.89E-09,
63.9,82.75,135,101,92,78,1.92E-09,3.16E-09,
64,80.3,135,101,92,78,2.02E-09,2.63E-09,
64.1,116.9,135,101,92,78,3.75E-09,5.06E-09,
64.2,99.15,135,101,92,78,3.29E-09,5.73E-09,
64.3,86,135,101,92,78,2.35E-09,2.82E-09,
64.4,98.35,135,99.25,89.9,74.5,1.76E-09,4.16E-09,
64.5,86.2,135,96,86,68,1.85E-09,2.83E-09,
64.6,82.9,135,96,86,68,1.88E-09,3.79E-09,
64.7,82.05,135,96,86,68,1.94E-09,3.46E-09,
64.8,80.75,135,96,86,68,1.27E-09,2.70E-09,
64.9,78.75,135,96,86,68,1.65E-09,2.85E-09,
65,98.45,135,96,86,68,2.36E-09,4.40E-09,
65.1,106.7,135,96,86,68,4.06E-09,8.09E-09,
65.2,80.6,135,96,86,68,2.44E-09,3.16E-09,
65.3,94.1,134.65,95.85,85.8,67.8,1.38E-09,4.78E-09,
65.4,86.8,126.6,93,82,64,1.10E-09,3.95E-09,
65.5,81.05,121,93,82,64,1.73E-09,4.36E-09,
65.6,80.8,121,93,82,64,1.87E-09,2.75E-09,
65.7,80.2,121,93,82,64,1.84E-09,3.79E-09,
65.8,78.2,121,93,82,64,1.73E-09,3.68E-09,
65.9,94.85,121,93,82,64,1.30E-09,4.48E-09,
66,102.95,121,91.2,80.2,64,3.96E-09,7.24E-09,
66.1,78.2,121,90,79,64,1.31E-09,3.70E-09,
66.2,92.05,117.4,90,79,64,1.13E-09,4.48E-09,
66.3,85.3,117,90,79,64,7.23E-10,3.77E-09,
66.4,79.75,117,90,79,64,1.62E-09,3.96E-09,
66.5,79.55,117,90,79,64,1.96E-09,2.91E-09,
66.6,78.75,117,90,79,64,1.65E-09,2.88E-09,
66.7,76.55,117,90,79,64,1.73E-09,4.66E-09,
66.8,95.2,117,90,79,64,2.33E-09,4.36E-09,
66.9,97.95,117,90,79,64,2.88E-09,1.15E-08,
67,76.75,117,90,79,64,1.80E-09,3.58E-09,
67.1,90.6,117,90,79,64,1.63E-09,6.21E-09,
67.2,82.2,117,90,79,64,1.13E-09,4.09E-09,
67.3,78.05,116.4,89.7,78.9,64.2,1.71E-09,4.67E-09,
67.4,77.95,111,87,78,66,8.82E-10,3.12E-09,
67.5,77.45,111,87,78,66,1.72E-09,2.87E-09,
67.6,75.3,111,87,78,66,1.65E-09,2.34E-09,
67.7,95.1,111,87,78,66,1.83E-09,4.86E-09,
67.8,91.35,111,87,78,66,4.05E-09,6.31E-09,
67.9,75.55,111,87,78,66,2.20E-09,3.42E-09,
68,90.6,111,87,78,66,1.10E-09,7.44E-09,
68.1,81.1,110.2,85.4,77.2,66.8,1.43E-09,3.52E-09,
68.2,77.5,110,85,77,67,1.14E-09,3.47E-09,
68.3,78.05,110,85,77,67,1.47E-09,3.51E-09,
68.4,77.6,110,85,77,67,1.12E-09,3.26E-09,
68.5,76.75,110,85,77,67,1.32E-09,2.58E-09,
68.6,103.5,110,85,77,67,2.41E-09,8.51E-09,
68.7,80.4,110,85,77,67,2.10E-09,6.57E-09,
68.8,81.45,110,85,77,67,1.44E-09,3.35E-09,
68.9,88.1,110,85,77,67,1.07E-09,6.10E-09,
69,78.2,110,83.2,75.2,67,8.71E-10,4.47E-09,
69.1,77.9,110,83,75,67,1.08E-09,3.25E-09,
69.2,78,110,83,75,67,1.11E-09,1.95E-09,
69.3,76.4,110,83,75,67,8.05E-10,4.15E-09,
69.4,89.4,110,83,75,67,1.36E-09,3.92E-09,
69.5,96.5,110,83,75,67,3.13E-09,8.40E-09,
69.6,76,110,83,75,67,1.18E-09,3.52E-09,
69.7,88.95,110,83,75,67,1.35E-09,3.98E-09,
69.8,82.35,109.75,83,75,67.5,1.39E-09,3.80E-09,
69.9,77.95,109,83,75,69,1.48E-09,3.07E-09,
70,78.15,109,83,75,69,1.45E-09,3.35E-09,
70.1,77.35,109,83,75,69,1.19E-09,3.11E-09,
70.2,81.7,109,83,75,69,1.14E-09,3.49E-09,
70.3,102.1,109,83,75,69,4.10E-09,5.35E-09,
70.4,79.4,109,83,75,69,2.45E-09,3.84E-09,
70.5,90.95,109,83,75,69,1.35E-09,4.52E-09,
70.6,91.3,109,83,75,69,1.42E-09,3.76E-09,
70.7,91.45,109,83,75,69.75,9.02E-10,2.28E-09,
70.8,91.35,109,83,75,70,1.42E-09,3.11E-09,
70.9,91.5,109,83,75,70,2.08E-09,2.68E-09,
71,91.4,109,83,75,70,9.28E-10,2.43E-09,
71.1,91.25,109,83,75,70,4.44E-09,7.04E-09,
71.2,96.9,109,83,75,70,1.98E-09,4.80E-09,
71.3,98.85,109,83,75,70,1.34E-09,3.63E-09,
71.4,98.8,109,83,75,70,1.47E-09,4.09E-09,
71.5,98.95,109,83,75,70.5,1.15E-09,4.03E-09,
71.6,98.9,109,83,75,72,1.40E-09,4.01E-09,
71.7,98.8,109,83,75,72,1.07E-09,3.32E-09,
71.8,98.95,109,83,75,72,1.73E-09,3.76E-09,
71.9,99.15,109,83,75,72,3.21E-09,5.63E-09,
72,91.25,109,83,75,72,2.09E-09,5.62E-09,
72.1,86.95,109,83,75,72,1.77E-09,4.48E-09,
72.2,86.85,109,83,75,72,2.26E-09,4.31E-09,
72.3,86.95,109,83,75,74.6,1.69E-09,3.06E-09,
72.4,87.05,109,83,75,76,1.17E-09,2.91E-09,
72.5,87,109,83,75,76,1.80E-09,3.23E-09,
72.6,87.25,109,83,75,76,1.49E-09,3.27E-09,
72.7,87,109,83,75,76,4.55E-09,9.24E-09,
72.8,83.75,109,83,75,76,2.30E-09,5.39E-09,
72.9,89,109,83,75,76,1.66E-09,3.92E-09,
73,98.15,109,83,75,76,2.39E-09,5.64E-09,
73.1,88.6,118.5,83,75,74.5,1.75E-09,3.96E-09,
73.2,86.9,128,83,75,73,1.75E-09,3.91E-09,
73.3,86.65,128,83,75,73,1.36E-09,3.51E-09,
73.4,91.15,128,83,75,73,1.26E-09,3.67E-09,
73.5,118.6,128,83,75,73,4.18E-09,9.87E-09,
73.6,89.3,128,83,75,73,2.80E-09,3.04E-09,
73.7,100.15,128,83,75,73,2.23E-09,6.40E-09,
73.8,96.6,128,83,75,73,2.44E-09,4.16E-09,
73.9,89.2,130.25,83,75,76,1.88E-09,5.51E-09,
74,89,131,83,75,77,1.07E-09,4.35E-09,
74.1,88.2,131,83,75,77,1.65E-09,3.43E-09,
74.2,91.3,131,83,75,77,9.41E-10,3.95E-09,
74.3,121.9,131,83,75,77,4.47E-09,1.08E-08,
74.4,92.55,131,83,75,77,2.99E-09,5.51E-09,
74.5,101.5,131,83,75,77,2.94E-09,4.75E-09,
74.6,99.3,131,83,75,77,2.52E-09,7.52E-09,
74.7,90.85,133.5,83,75,74.5,2.01E-09,4.42E-09,
74.8,90.8,136,83,75,72,1.83E-09,5.05E-09,
74.9,89.05,136,83,75,72,1.46E-09,3.57E-09,
75,86.75,136,83,75,72,1.49E-09,3.60E-09,
75.1,117.4,136,83,75,72,3.43E-09,9.01E-09,
75.2,107.1,136,83,75,72,3.59E-09,1.03E-08,
75.3,97.3,136,83,75,72,3.07E-09,4.52E-09,
75.4,106.5,136,83,75,72,2.85E-09,5.45E-09,
75.5,94.65,136,83,75,72,2.51E-09,3.96E-09,
75.6,92.3,136,83,75,72,2.47E-09,5.54E-09,
75.7,91.95,137.65,89.6,79.95,73.1,1.82E-09,3.42E-09,
75.8,89.75,139,95,84,74,1.68E-09,4.92E-09,
75.9,95.45,139,95,84,74,1.65E-09,3.96E-09,
76,127.4,139,95,84,74,4.43E-09,6.81E-09,
76.1,97.25,139,95,84,74,3.22E-09,4.62E-09,
76.2,105.95,139,95,84,74,2.50E-09,5.26E-09,
76.3,102.15,139,95,84,74,2.41E-09,7.19E-09,
76.4,94,142,97,85,71,2.18E-09,4.54E-09,
76.5,93.55,142,97,85,71,2.22E-09,4.35E-09,
76.6,92.1,142,97,85,71,1.82E-09,4.00E-09,
76.7,89.05,142,97,85,71,1.87E-09,4.35E-09,
76.8,116.45,142,97,85,71,2.93E-09,7.06E-09,
76.9,115.7,142,97,85,71,4.58E-09,8.95E-09,
77,100.95,142,97,85,71,3.00E-09,8.62E-09,
77.1,110.3,142,97,85,71,3.81E-09,7.56E-09,
77.2,98.85,143.35,97.9,85.9,70.55,3.17E-09,5.54E-09,
77.3,95.6,145,99,87,70,2.47E-09,4.05E-09,
77.4,95.3,145,99,87,70,2.09E-09,4.46E-09,
77.5,92.9,145,99,87,70,2.32E-09,4.73E-09,
77.6,90.15,145,99,87,70,1.58E-09,4.02E-09,
77.7,131.4,145,99,87,70,4.92E-09,7.67E-09,
77.8,107.95,145,99,87,70,3.94E-09,8.99E-09,
77.9,106.6,145,100,87,70,3.59E-09,6.79E-09,
78,110.4,145,100,87,70,3.04E-09,5.69E-09,
78.1,98.45,145,100,87,70,1.50E-09,5.44E-09,
78.2,97.05,145,100,87,70,2.05E-09,6.32E-09,
78.3,95.7,145,100,87,70,1.19E-09,5.08E-09,
78.4,92.9,145,100,87,70,1.69E-09,5.52E-09,
78.5,92.55,145,100,87,70,1.19E-09,3.83E-09,
78.6,135.9,145,100,87,70,5.47E-09,7.22E-09,
78.7,105.95,145,100,87,70,4.35E-09,6.70E-09,
78.8,107.95,145,100,87,70,2.89E-09,5.83E-09,
78.9,109.65,145.6,100.4,87,69.8,3.36E-09,7.47E-09,
79,98,148,102,87,69,2.66E-09,4.37E-09,
79.1,96.95,148,102,87,69,2.35E-09,5.35E-09,
79.2,94.9,148,102,87,69,2.50E-09,4.24E-09,
79.3,92.1,148,102,87,69,1.71E-09,4.22E-09,
79.4,90.2,148,102,87,69,1.46E-09,4.34E-09,
79.5,133.5,148,102,87,69,5.02E-09,1.01E-08,
79.6,107.6,148,102,87,69,4.79E-09,6.41E-09,
79.7,106.35,148,102,87,69,3.03E-09,5.67E-09,
79.8,110.7,148,102,87,69,2.98E-09,6.66E-09,
79.9,97.65,148,102.75,87.75,67.5,2.21E-09,5.00E-09,
80,96.4,148,103,88,67,2.19E-09,4.87E-09,
80.1,94.8,148,103,88,67,1.73E-09,5.79E-09,
80.2,91.8,148,103,88,67,2.14E-09,4.92E-09,
80.3,89.35,148,103,88,67,2.43E-09,3.36E-09,
80.4,116.85,148,103,88,67,2.65E-09,6.88E-09,
80.5,119.95,148,103,88,67,4.87E-09,1.20E-08,
80.6,102.95,148,103,88,67,3.06E-09,5.30E-09,
80.7,111.55,148,103,88,67,3.02E-09,5.77E-09,
80.8,100,148,103,88,67,3.07E-09,5.69E-09,
80.9,95.95,147.6,103,88.2,66.8,2.61E-09,4.80E-09,
81,94.9,146,103,89,66,2.08E-09,4.63E-09,
81.1,92.05,146,103,89,66,2.08E-09,4.22E-09,
81.2,89.8,146,103,89,66,2.03E-09,4.54E-09,
81.3,93.45,146,103,89,66,2.21E-09,3.67E-09,
81.4,134.4,146,103,89,66,5.78E-09,1.32E-08,
81.5,100.9,146,103,89,66,4.43E-09,6.84E-09,
81.6,106.9,146,103,89,66,2.79E-09,5.31E-09,
81.7,105.75,145.15,103,89,64.3,3.75E-09,6.64E-09,
81.8,95,145,103,89,64,2.35E-09,3.56E-09,
81.9,94.75,145,103,89,64,2.09E-09,3.60E-09,
82,93.1,145,103,89,64,2.17E-09,4.83E-09,
82.1,90.1,145,103,89,64,2.32E-09,4.37E-09,
82.2,88,145,103,89,64,1.99E-09,3.40E-09,
82.3,128.75,145,103,89,64,3.69E-09,8.23E-09,
82.4,105.05,145,103,89,64,4.85E-09,8.02E-09,
82.5,101.65,145,103,89,64,2.52E-09,5.11E-09,
82.6,108.25,144.2,102.6,88.6,63.6,2.35E-09,5.70E-09,
82.7,94.8,143,102,88,63,2.42E-09,4.18E-09,
82.8,93.2,143,102,88,63,2.38E-09,2.76E-09,
82.9,91.85,143,102,88,63,2.50E-09,4.07E-09,
83,89.15,143,102,88,63,2.46E-09,3.16E-09,
83.1,86.4,143,102,88,63,1.90E-09,3.70E-09,
83.2,118.4,143,102,88,63,3.23E-09,6.71E-09,
83.3,110.4,143,102,88,63,4.59E-09,5.46E-09,
83.4,97.5,143,102,88,63,2.98E-09,5.71E-09,
83.5,107.1,142.8,101.9,87.9,63.1,3.48E-09,6.70E-09,
83.6,94.65,141,101,87,64,2.27E-09,6.43E-09,
83.7,91.5,141,101,87,64,1.93E-09,3.82E-09,
83.8,90.7,141,101,87,64,1.85E-09,3.07E-09,
83.9,88.55,141,101,87,64,2.70E-09,4.87E-09,
84,85.9,141,101,87,64,2.38E-09,4.02E-09,
84.1,112.2,141,101,87,64,2.29E-09,6.99E-09,
84.2,112.75,141,101,87,64,5.88E-09,9.55E-09,
84.3,94.85,141,101,87,64,1.86E-09,4.58E-09,
84.4,106.3,141,101,87,64,2.09E-09,6.19E-09,
84.5,94.2,141.95,100.05,87,64.95,1.68E-09,5.68E-09,
84.6,90.65,142,100,87,65,2.19E-09,3.75E-09,
84.7,90.3,142,100,87,65,2.19E-09,4.80E-09,
84.8,87.95,142,100,87,65,1.82E-09,5.05E-09,
84.9,86.25,142,100,87,65,2.00E-09,3.10E-09,
85,98.2,142,100,87,65,2.01E-09,3.83E-09,
85.1,124.65,142,100,87,65,6.40E-09,1.34E-08,
85.2,92.8,142,100,87,65,3.01E-09,7.24E-09,
85.3,105.55,142,100,87,65,1.65E-09,7.93E-09,
85.4,98.4,142,98.3,85.3,65.85,2.14E-09,7.40E-09,
85.5,90.9,142,98,85,66,2.58E-09,3.97E-09,
85.6,91.15,142,98,85,66,2.26E-09,4.66E-09,
85.7,89.1,142,98,85,66,1.51E-09,3.63E-09,
85.8,87.3,142,98,85,66,2.38E-09,2.99E-09,
85.9,90.95,142,98,85,66,2.25E-09,4.50E-09,
86,129.15,142,98,85,66,5.47E-09,1.69E-08,
86.1,93.75,142,98,85,66,3.46E-09,6.08E-09,
86.2,103.2,142,98,85,66,2.68E-09,6.75E-09,
86.3,101.3,141.45,97.45,84.45,64.9,2.08E-09,5.36E-09,
86.4,91.35,141,97,84,64,2.62E-09,3.71E-09,
86.5,91.35,141,97,84,64,1.94E-09,3.59E-09,
86.6,89.75,141,97,84,64,1.81E-09,3.19E-09,
86.7,87.45,141,97,84,64,1.81E-09,4.05E-09,
86.8,87.8,141,97,84,64,1.79E-09,2.73E-09,
86.9,128.8,141,97,84,64,3.64E-09,6.55E-09,
87,95.6,141,97,84,64,3.45E-09,5.77E-09,
87.1,100.4,141,97,84,64,2.53E-09,5.07E-09,
87.2,103.15,140.6,97,84.4,64.4,2.60E-09,8.64E-09,
87.3,91.45,140,97,85,65,2.24E-09,3.91E-09,
87.4,91.25,140,97,85,65,1.70E-09,4.54E-09,
87.5,89.7,140,97,85,65,1.47E-09,4.64E-09,
87.6,87.75,140,97,85,65,1.62E-09,4.54E-09,
87.7,89,140,97,85,65,1.46E-09,4.20E-09,
87.8,128.6,140,97,85,65,3.99E-09,1.41E-08,
87.9,94.65,140,97,85,65,3.72E-09,8.95E-09,
88,101.7,139.45,97,85,65,3.03E-09,5.23E-09,
88.1,102.1,139,97,85,65,2.48E-09,6.39E-09,
88.2,91.2,139,97,85,65,1.16E-09,3.76E-09,
88.3,91,139,97,85,65,2.03E-09,6.13E-09,
88.4,89.75,139,97,85,65,1.97E-09,3.39E-09,
88.5,87.35,139,97,85,65,2.34E-09,3.46E-09,
88.6,93.4,139,97,85,65,2.16E-09,3.21E-09,
88.7,125.65,139,97,85,65,4.68E-09,1.23E-08,
88.8,91.6,139,97,85,65,3.00E-09,6.34E-09,
88.9,103.7,139,97,85,65,2.86E-09,5.45E-09,
89,98.65,138.7,97,85,65.6,2.00E-09,5.22E-09,
89.1,90.5,138,97,85,67,2.71E-09,5.13E-09,
89.2,90.45,138,97,85,67,2.05E-09,4.58E-09,
89.3,89.1,138,97,85,67,8.55E-10,4.61E-09,
89.4,86.65,138,97,85,67,2.20E-09,4.52E-09,
89.5,101.9,138,97,85,67,2.48E-09,3.89E-09,
89.6,117.6,138,97,85,67,5.17E-09,6.80E-09,
89.7,91.55,138,97,85,67,3.24E-09,5.10E-09,
89.8,105.15,138,97,85,67,2.41E-09,8.00E-09,
89.9,94.85,136.2,97,85,67.45,1.96E-09,4.39E-09,
90,90.05,134,97,85,68,1.89E-09,3.86E-09,
90.1,90.15,134,97,85,68,2.22E-09,4.28E-09,
90.2,88.6,134,97,85,68,1.68E-09,4.42E-09,
90.3,85.65,134,97,85,68,1.91E-09,2.51E-09,
90.4,118.05,134,97,85,68,3.44E-09,7.24E-09,
90.5,97.25,134,97,85,68,4.95E-09,7.54E-09,
90.6,92.3,134,97,85,68,2.33E-09,4.22E-09,
90.7,99.85,134,97,85,68,2.66E-09,4.55E-09,
90.8,88.25,127.5,97,85,68,2.68E-09,4.07E-09,
90.9,87.05,124,97,85,68,2.70E-09,3.98E-09,
91,86.75,124,97,85,68,2.75E-09,3.45E-09,
91.1,84.6,124,97,85,68,2.18E-09,3.74E-09,
91.2,84.9,124,97,85,68,2.35E-09,4.26E-09,
91.3,115.75,124,97,85,68,4.23E-09,9.43E-09,
91.4,87.65,124,97,85,68,2.18E-09,5.13E-09,
91.5,92.55,124,97,85,68,1.55E-09,4.12E-09,
91.6,93.2,124.9,97,85,68.1,1.50E-09,3.96E-09,
91.7,85.45,142,97,85,70,1.83E-09,3.32E-09,
91.8,84.1,142,97,85,70,2.43E-09,2.78E-09,#* apnea start 
91.9,84.2,142,97,85,70,1.76E-09,3.64E-09,
92,95.5,142,97,85,70,1.74E-09,3.70E-09,
92.1,128.95,142,97,85,70,5.64E-09,1.29E-08,
92.2,104.5,142,97,85,70,3.33E-09,6.20E-09,
92.3,103.9,142,97,85,70,2.43E-09,4.73E-09,
92.4,102.9,142,97,85,70,2.66E-09,6.78E-09,
92.5,93.45,145.25,96,84.75,69.5,1.97E-09,5.99E-09,
92.6,91.85,155,93,84,68,2.23E-09,4.44E-09,
92.7,92.15,155,93,84,68,3.01E-09,4.43E-09,
92.8,140.35,155,93,84,68,4.62E-09,7.58E-09,
92.9,125.4,155,93,84,68,4.47E-09,9.96E-09,
93,115.7,155,93,84,68,4.73E-09,6.92E-09,
93.1,114.7,155,93,84,68,4.10E-09,4.30E-09,
93.2,104.6,155,93,84,68,3.00E-09,7.94E-09,
93.3,99.55,155,93,84,68,2.63E-09,6.29E-09,
93.4,97.15,155,93,84,68,3.11E-09,5.57E-09,
93.5,140.05,160.2,93,84,68,3.81E-09,7.41E-09,
93.6,137.8,163,93,84,68,5.73E-09,1.35E-08,
93.7,124.75,163,93,84,68,6.07E-09,1.40E-08,
93.8,118,163,93,84,68,3.91E-09,9.49E-09,
93.9,110.35,163,93,84,68,3.57E-09,1.11E-08,
94,102.8,164.4,92.6,83.6,70,3.26E-09,5.54E-09,
94.1,99.95,170,93.4,82.2,78.6,2.82E-09,5.30E-09,
94.2,97.3,170,103,83,81,3.63E-09,7.43E-09,
94.3,120.25,170,103,83,81,2.82E-09,7.52E-09,
94.4,151.85,170,103,83,81,7.15E-09,1.20E-08,
94.5,134.5,170,103,83,81,7.87E-09,1.21E-08,
94.6,119.5,170,103,83,81,4.99E-09,1.17E-08,
94.7,119,170,103.5,83.35,81.15,4.69E-09,9.01E-09,
94.8,107.9,170,113,90,84,3.21E-09,1.13E-08,
94.9,104.05,170,113,90,84,3.42E-09,5.58E-09,
95,101.15,170,113,90,84,2.82E-09,9.13E-09,
95.1,97.1,170,113,90,84,3.00E-09,3.80E-09,
95.2,94.3,170,113,90,84,2.52E-09,3.64E-09,
95.3,115.2,170,113,90,84,2.69E-09,4.07E-09,
95.4,153.45,170,113,90,84,7.21E-09,1.91E-08,
95.5,135.2,170,113,90,84,6.69E-09,1.12E-08,
95.6,121.1,170.7,114.4,94.2,75.6,4.92E-09,1.01E-08,
95.7,121.4,171,115,96,72,5.52E-09,1.04E-08,
95.8,109.65,171,115,96,72,4.23E-09,8.62E-09,
95.9,105.9,171,115,96,72,3.28E-09,4.72E-09,
96,103.4,171,115,96,72,3.42E-09,7.73E-09,
96.1,99.75,171,115,96,72,2.90E-09,5.55E-09,
96.2,105.4,171,115,96,72,3.00E-09,4.77E-09,
96.3,158.8,171,115,96,72,7.78E-09,1.39E-08,
96.4,140.45,171,115,96,72,7.46E-09,1.35E-08,
96.5,122.1,171,115,96,72,6.77E-09,1.17E-08,
96.6,126,171,115,95.4,68.1,4.50E-09,1.00E-08,
96.7,112.15,171,115,94,59,3.92E-09,8.73E-09,
96.8,106.9,171,115,94,59,3.76E-09,6.35E-09,
96.9,103.8,171,115,94,59,3.06E-09,5.12E-09,
97,99.55,171,115,94,59,2.96E-09,6.01E-09,
97.1,97.6,171,115,94,59,3.12E-09,4.94E-09,
97.2,98.65,171,115,94,59,2.15E-09,4.25E-09,
97.3,156.15,171,115,94,59,6.38E-09,1.43E-08,
97.4,142.9,171,115,94,59,7.49E-09,1.06E-08,
97.5,128.8,171,115,94,59,6.57E-09,8.15E-09,
97.6,125.35,171,115,94,59,4.64E-09,1.11E-08,
97.7,114.25,170.4,116.8,93.4,62.6,4.04E-09,6.14E-09,
97.8,106.7,170,118,93,65,4.01E-09,5.30E-09,
97.9,103.9,170,118,93,65,3.49E-09,6.24E-09,
98,99.85,170,118,93,65,3.45E-09,4.25E-09,
98.1,95.95,170,118,93,65,2.85E-09,4.99E-09,
98.2,93.45,170,118,93,65,3.24E-09,4.80E-09,
98.3,91.15,170,118,93,65,2.94E-09,2.92E-09,
98.4,89.4,170,118,93,65,2.96E-09,2.74E-09,
98.5,88.6,170,118,93,65,2.41E-09,2.75E-09,
98.6,141.1,170,118,93,65,3.88E-09,9.43E-09,
98.7,138.05,168.8,117.7,94.2,63.2,7.15E-09,1.03E-08,
98.8,132.25,166,117,97,59,5.96E-09,1.16E-08,
98.9,118.2,166,117,97,59,3.78E-09,6.11E-09,
99,113.8,166,117,97,59,4.13E-09,6.88E-09,
99.1,104.5,166,117,97,59,3.62E-09,6.02E-09,
99.2,100.45,166,117,97,59,3.48E-09,4.37E-09,
99.3,97.3,166,117,97,59,2.93E-09,6.31E-09,
99.4,93.4,166,117,97,59,2.44E-09,3.93E-09,
99.5,90.45,166,117,97,59,2.76E-09,3.07E-09,
99.6,88.9,166,117,97,59,2.52E-09,3.71E-09,
99.7,88.5,166,117,97,59,2.06E-09,3.11E-09,
99.8,140.6,165.7,116.65,96.85,58.3,4.12E-09,6.01E-09,
99.9,130.1,160,110,94,45,6.47E-09,1.28E-08,
100,123.75,160,110,94,45,5.72E-09,6.71E-09,
100.1,113.55,160,110,94,45,3.38E-09,7.63E-09,
100.2,108.45,160,110,94,45,3.16E-09,6.28E-09,
100.3,99.45,160,110,94,45,2.48E-09,5.01E-09,
100.4,96.05,160,110,94,45,2.99E-09,5.31E-09,
100.5,93.45,160,110,94,45,2.40E-09,3.99E-09,
100.6,89.9,160,110,94,45,2.87E-09,6.15E-09,
100.7,87.65,160,110,94,45,2.93E-09,3.23E-09,
100.8,86.5,160,110,94,45,3.07E-09,3.23E-09,
100.9,131.05,160,110,94,45,4.19E-09,5.71E-09,
101,125.95,159.4,109.85,93.1,45.75,6.32E-09,1.06E-08,
101.1,118.25,156,109,88,50,4.39E-09,1.24E-08,
101.2,108.5,156,109,88,50,3.44E-09,1.07E-08,
101.3,104.95,156,109,88,50,2.93E-09,1.03E-08,
101.4,95.7,156,109,88,50,3.15E-09,4.38E-09,
101.5,92.9,156,109,88,50,2.54E-09,3.70E-09,
101.6,90.35,156,109,88,50,3.11E-09,2.91E-09,
101.7,87.5,156,109,88,50,2.62E-09,4.92E-09,
101.8,85.05,156,109,88,50,3.01E-09,3.10E-09,
101.9,116.05,156,109,88,50,2.66E-09,3.86E-09,
102,129.05,156,109,88,50,4.99E-09,1.12E-08,
102.1,116,156,109,88,50,5.36E-09,1.12E-08,
102.2,103.8,153,106,87,54,3.37E-09,6.34E-09,
102.3,104.5,153,106,87,54,2.53E-09,6.45E-09,
102.4,93.8,153,106,87,54,2.57E-09,4.42E-09,
102.5,90.3,153,106,87,54,2.47E-09,4.95E-09,
102.6,88.3,153,106,87,54,3.11E-09,3.40E-09,
102.7,85.95,153,106,87,54,2.57E-09,3.43E-09,
102.8,89.05,153,106,87,54,2.36E-09,2.62E-09,
102.9,138.7,153,106,87,54,5.35E-09,8.11E-09,
103,116.15,153,106,87,54,4.63E-09,1.07E-08,
103.1,107.3,153,106,87,54,4.30E-09,6.08E-09,
103.2,104.1,150.6,104.4,86.2,58,2.94E-09,8.58E-09,
103.3,95.7,150,104,86,59,3.19E-09,5.51E-09,
103.4,89,150,104,86,59,3.48E-09,5.33E-09,
103.5,86.95,150,104,86,59,3.00E-09,3.94E-09,
103.6,84.55,150,104,86,59,2.84E-09,3.89E-09,
103.7,82.05,150,104,86,59,1.85E-09,3.08E-09,
103.8,94.05,150,104,86,59,2.53E-09,2.52E-09,
103.9,135.45,150,104,86,59,6.25E-09,1.06E-08,
104,113.75,150,104,86,59,5.43E-09,1.06E-08,
104.1,101.7,149.3,103.3,85.65,60.4,3.83E-09,4.69E-09,
104.2,101.5,148,102,85,63,2.58E-09,4.37E-09,
104.3,91.9,148,102,85,63,2.22E-09,4.92E-09,
104.4,86.1,148,102,85,63,2.86E-09,2.41E-09,
104.5,84.25,148,102,85,63,2.47E-09,2.87E-09,
104.6,81.75,148,102,85,63,2.83E-09,2.47E-09,
104.7,79.6,148,102,85,63,3.05E-09,2.50E-09,
104.8,91.85,148,102,85,63,2.03E-09,2.35E-09,
104.9,132.6,148,102,85,63,4.80E-09,1.37E-08,
105,109.8,148,102,85,63,4.80E-09,1.06E-08,
105.1,98.4,146.35,100.35,84.45,61.9,3.62E-09,4.01E-09,
105.2,98.45,145,99,84,61,2.45E-09,5.54E-09,
105.3,89.45,145,99,84,61,2.31E-09,3.36E-09,
105.4,83.4,145,99,84,61,2.33E-09,2.47E-09,
105.5,80.95,145,99,84,61,2.73E-09,2.88E-09,
105.6,79.65,145,99,84,61,2.50E-09,2.31E-09,
105.7,77.85,145,99,84,61,2.05E-09,2.33E-09,
105.8,118.9,145,99,84,61,2.91E-09,5.95E-09,
105.9,110.8,145,99,84,61,4.78E-09,8.55E-09,
106,100.1,145,99,84,61,3.11E-09,6.06E-09,
106.1,93.35,142.8,97.9,82.35,60.45,2.33E-09,3.55E-09,
106.2,91.1,139.8,97,81,60,2.39E-09,4.18E-09,
106.3,82.95,137,97,81,60,3.04E-09,2.69E-09,
106.4,80.3,137,97,81,60,2.29E-09,1.75E-09,
106.5,79,137,97,81,60,2.14E-09,3.62E-09,
106.6,77.25,137,97,81,60,2.32E-09,2.49E-09,
106.7,116.25,137,97,81,60,2.56E-09,4.10E-09,
106.8,106.95,137,97,81,60,4.25E-09,8.84E-09,
106.9,94.2,137,97,81,60,1.69E-09,8.07E-09,
107,91.5,137,97,81,60,1.74E-09,3.50E-09,
107.1,88.1,136.2,95.4,78.6,62.4,2.11E-09,2.77E-09,
107.2,81.25,136,95,78,63,2.56E-09,2.54E-09,
107.3,79.1,136,95,78,63,2.54E-09,2.57E-09,
107.4,78.1,136,95,78,63,2.54E-09,2.65E-09,
107.5,98,136,95,78,63,2.75E-09,2.79E-09,
107.6,119.9,136,95,78,63,4.89E-09,1.22E-08,
107.7,98.4,136,95,78,63,3.58E-09,4.30E-09,
107.8,89.85,136,95,78,63,2.99E-09,3.69E-09,
107.9,90.75,136,95,78,63,1.93E-09,3.67E-09,
108,81.75,136,95,78,63,2.43E-09,3.56E-09,
108.1,78.15,136.2,94.6,77.8,63.8,2.74E-09,2.45E-09,
108.2,77.05,137,93,77,67,1.75E-09,3.16E-09,
108.3,85.05,137,93,77,67,1.81E-09,2.29E-09,
108.4,125.75,137,93,77,67,3.67E-09,8.38E-09,
108.5,101.9,137,93,77,67,3.90E-09,8.45E-09,
108.6,91.45,137,93,77,67,2.42E-09,4.97E-09,
108.7,91.2,137,93,77,67,1.74E-09,3.98E-09,
108.8,83.85,136.25,91.5,76.25,70.75,1.64E-09,3.68E-09,
108.9,78.3,136,91,76,72,2.50E-09,2.44E-09,
109,76.5,136,91,76,72,2.54E-09,2.13E-09,
109.1,75,136,91,76,72,1.96E-09,2.20E-09,
109.2,87.25,136,91,76,72,1.44E-09,2.22E-09,
109.3,124,136,91,76,72,3.70E-09,1.53E-08,
109.4,99.85,136,91,76,72,4.14E-09,1.11E-08,
109.5,89.5,136,91,76,72,2.53E-09,4.16E-09,
109.6,90.55,134.5,91,76.5,72,1.95E-09,4.39E-09,
109.7,82.5,133,91,77,72,1.68E-09,2.63E-09,
109.8,77.8,133,91,77,72,2.63E-09,2.59E-09,
109.9,76.35,133,91,77,72,2.26E-09,2.21E-09,
110,75.2,133,91,77,72,1.92E-09,1.69E-09,
110.1,110,133,91,77,72,3.00E-09,4.74E-09,
110.2,106.8,133,91,77,72,4.53E-09,8.30E-09,
110.3,90.9,133,91,77,72,3.19E-09,3.82E-09,
110.4,88.15,133,91,77,72,2.04E-09,3.75E-09,
110.5,85.75,133,90.45,75.9,69.25,2.06E-09,3.68E-09,
110.6,78.55,133,90,75,67,2.00E-09,2.88E-09,
110.7,76.3,133,90,75,67,2.46E-09,2.10E-09,
110.8,75.5,133,90,75,67,2.52E-09,2.16E-09,
110.9,101.65,133,90,75,67,1.55E-09,3.15E-09,
111,112.95,133,90,75,67,4.60E-09,9.98E-09,
111.1,92.75,133,90,75,67,2.96E-09,6.03E-09,
111.2,88.35,133,90,75,67,2.27E-09,3.94E-09,
111.3,88.2,133,90,75,67,1.79E-09,3.71E-09,
111.4,79.8,133,90,74,70,2.27E-09,2.71E-09,
111.5,77.35,133,90,74,70,2.26E-09,3.06E-09,
111.6,76.4,133,90,74,70,2.01E-09,2.21E-09,
111.7,109.15,133,90,74,70,2.45E-09,2.67E-09,
111.8,111.1,133,90,74,70,5.46E-09,1.27E-08,
111.9,95.7,133,90,74,70,3.06E-09,4.39E-09,
112,89.05,133,90,74,70,2.15E-09,3.38E-09,
112.1,88.5,133,90,74,70,1.95E-09,2.68E-09,
112.2,80.35,133,90,74,70,2.35E-09,2.84E-09,
112.3,77.45,134.35,89.55,74.45,71.35,2.80E-09,2.79E-09,
112.4,76.5,136,89,75,73,2.21E-09,1.87E-09,
112.5,93.05,136,89,75,73,2.06E-09,3.04E-09,
112.6,122.7,136,89,75,73,4.98E-09,1.11E-08,
112.7,101.25,136,89,75,73,3.94E-09,1.05E-08,
112.8,90.45,136,89,75,73,1.55E-09,3.20E-09,
112.9,92.2,136,89,75,73,1.24E-09,4.38E-09,
113,83.4,134.1,89.95,75,75.85,2.07E-09,3.94E-09,
113.1,79.25,134,90,75,76,2.50E-09,2.32E-09,
113.2,78.15,134,90,75,76,2.14E-09,2.24E-09,
113.3,77.15,134,90,75,76,1.72E-09,2.09E-09,
113.4,118.6,134,90,75,76,3.55E-09,5.32E-09,
113.5,107.1,134,90,75,76,3.95E-09,1.01E-08,
113.6,94.2,134,90,75,76,3.26E-09,5.20E-09,
113.7,91.35,134,90,75,76,2.25E-09,3.60E-09,
113.8,88,132.7,90,75.65,73.4,2.15E-09,3.80E-09,
113.9,81,132,90,76,72,1.97E-09,3.04E-09,
114,79.1,132,90,76,72,1.79E-09,2.43E-09,
114.1,78.05,132,90,76,72,1.98E-09,2.49E-09,
114.2,88.55,132,90,76,72,1.61E-09,2.43E-09,
114.3,121.6,132,90,76,72,5.09E-09,1.18E-08,
114.4,95.5,132,90,76,72,4.42E-09,5.61E-09,
114.5,89.25,132,90,76,72,1.82E-09,3.10E-09,
114.6,90.8,132.1,90.1,75.9,71.8,2.27E-09,3.62E-09,
114.7,82.75,133,91,75,70,2.66E-09,3.11E-09,
114.8,79.5,133,91,75,70,1.86E-09,2.22E-09,
114.9,78.75,133,91,75,70,2.25E-09,2.81E-09,
115,83.65,133,91,75,70,1.60E-09,2.65E-09,
115.1,123.6,133,91,75,70,5.78E-09,9.02E-09,
115.2,98.3,136,91,75,70,4.44E-09,7.39E-09,
115.3,90.1,138,91,75.65,70,1.93E-09,5.20E-09,
115.4,93,138,91,76,70,2.56E-09,4.25E-09,
115.5,85.45,138,91,76,70,1.69E-09,4.18E-09,
115.6,82,138,91,76,70,2.03E-09,2.30E-09,
115.7,81.75,138,91,76,70,1.82E-09,2.72E-09,
115.8,92,138,91,76,70,2.00E-09,3.62E-09,
115.9,128.8,138,91,76,70,6.37E-09,9.93E-09,
116,103.9,138,91,76,70,3.84E-09,8.11E-09,
116.1,93.3,138,91,76,70,2.93E-09,3.60E-09,
116.2,93.95,138,91,76,70,1.81E-09,4.38E-09,
116.3,86.7,138,91,76,70,1.55E-09,3.41E-09,
116.4,82.35,138,91,76,70,2.38E-09,2.45E-09,
116.5,81.55,136.7,91,76,70,2.15E-09,2.71E-09,
116.6,87.75,136,91,76,70,2.50E-09,2.73E-09,
116.7,127.35,136,91,76,70,5.42E-09,1.04E-08,
116.8,106.55,136,91,76,70,4.42E-09,1.20E-08,
116.9,95.6,136,91,76,70,2.23E-09,6.69E-09,
117,97.05,136,91,76,70,2.13E-09,5.25E-09,
117.1,89.45,137.5,91.1,76.5,72.1,1.96E-09,2.84E-09,
117.2,84.5,139,93,77,76,2.20E-09,2.86E-09,
117.3,83.4,139,93,77,76,2.83E-09,2.70E-09,
117.4,81.5,139,93,77,76,2.04E-09,3.12E-09,
117.5,110.05,139,93,77,76,2.79E-09,7.21E-09,
117.6,120.85,139,93,77,76,5.72E-09,1.39E-08,
117.7,104.9,139,93,77,76,3.14E-09,6.61E-09,
117.8,96.45,139,93,77,76,2.42E-09,4.28E-09,
117.9,96.55,139,93.8,79,75.2,2.23E-09,6.58E-09,
118,88.3,139,95,82,74,2.34E-09,4.11E-09,
118.1,85.15,139,95,82,74,2.28E-09,2.86E-09,
118.2,83.95,139,95,82,74,1.84E-09,2.74E-09,
118.3,82.25,139,95,82,74,2.51E-09,2.72E-09,
118.4,118.9,139,95,82,74,3.38E-09,5.86E-09,
118.5,114.55,139,95,82,74,6.05E-09,9.96E-09,
118.6,100.7,139,95,82,74,3.23E-09,6.49E-09,
118.7,97.8,139,95,82,74,2.24E-09,4.71E-09,
118.8,94.8,135.7,95,81.15,70.6,1.69E-09,6.40E-09,
118.9,87.6,135,95,81,70,2.43E-09,3.07E-09,
119,85.6,135,95,81,70,1.96E-09,2.81E-09,
119.1,84.55,135,95,81,70,1.83E-09,2.63E-09,
119.2,92.75,135,95,81,70,2.03E-09,2.88E-09,
119.3,127.65,135,95,81,70,5.24E-09,1.01E-08,
119.4,104.45,135,95,81,70,4.13E-09,8.46E-09,
119.5,95.65,135,95,81,70,2.08E-09,4.26E-09,
119.6,98.8,135.1,95.1,81,69.9,1.45E-09,4.62E-09,
119.7,90.3,137,97,81,68,2.08E-09,4.04E-09,
119.8,87.1,137,97,81,68,2.18E-09,2.20E-09,
119.9,86,137,97,81,68,2.34E-09,2.30E-09,
120,86.4,137,97,81,68,2.06E-09,3.29E-09,
120.1,126.3,137,97,81,68,4.31E-09,7.01E-09,
120.2,110.9,137,97,81,68,5.14E-09,1.09E-08,
120.3,99.25,137,97,81,68,3.10E-09,4.84E-09,
120.4,100.05,137,97,81,68,2.22E-09,5.88E-09,
120.5,93.65,137,97,81,68,2.49E-09,4.21E-09,
120.6,88.35,137,97,81,68,2.41E-09,3.91E-09,
120.7,87.05,138.4,97,81,69.4,2.16E-09,2.69E-09,
120.8,84.9,139,97,81,70,1.89E-09,2.69E-09,
120.9,110.65,139,97,81,70,2.65E-09,2.91E-09,
121,125,139,97,81,70,5.62E-09,9.97E-09,
121.1,109.05,139,97,81,70,3.18E-09,7.34E-09,
121.2,99.8,139,97,81,70,2.10E-09,4.70E-09,
121.3,100.2,139.75,97,81.75,70.5,1.73E-09,4.72E-09,
121.4,92,142,97,84,72,3.00E-09,2.71E-09,
121.5,89.05,142,97,84,72,2.71E-09,2.51E-09,
121.6,88,142,97,84,72,2.21E-09,2.81E-09,
121.7,86.9,142,97,84,72,1.76E-09,2.01E-09,
121.8,128.1,142,97,84,72,3.60E-09,3.50E-09,
121.9,119.5,142,97,84,72,5.89E-09,1.26E-08,
122,106.5,142,97,84,72,3.31E-09,5.75E-09,
122.1,103.2,142,97,84,72,2.34E-09,4.83E-09,
122.2,98.85,142,97.85,84,71.15,2.63E-09,4.78E-09,
122.3,92.1,142,98,84,71,2.46E-09,3.50E-09,
122.4,89.7,142,98,84,71,1.88E-09,3.34E-09,
122.5,88.7,142,98,84,71,2.40E-09,3.45E-09,
122.6,86.85,142,98,84,71,2.40E-09,2.67E-09,
122.7,128.4,142,98,84,71,3.63E-09,7.56E-09,
122.8,118.9,142,98,84,71,5.37E-09,8.39E-09,
122.9,105.55,142,98,84,71,3.75E-09,5.88E-09,
123,103.75,142,98.3,84,70.7,2.30E-09,7.19E-09,
123.1,99.15,142,100,84,69,2.20E-09,4.20E-09,
123.2,92.5,142,100,84,69,3.03E-09,3.99E-09,#* co2 34 
123.3,90.8,142,100,84,69,2.82E-09,3.14E-09,
123.4,89.5,142,100,84,69,2.47E-09,3.80E-09,
123.5,91.45,142,100,84,69,2.29E-09,2.61E-09,
123.6,131.95,142,100,84,69,5.56E-09,1.28E-08,
123.7,111.75,142,100,84,69,4.30E-09,7.99E-09,
123.8,100.35,142,100,84,69,3.14E-09,5.63E-09,
123.9,103.6,141.9,100.15,84.15,68.55,2.04E-09,5.84E-09,
124,95.75,142,101,85,66,2.16E-09,3.91E-09,
124.1,91.35,142,101,85,66,2.96E-09,3.61E-09,
124.2,90.05,142,101,85,66,2.60E-09,3.01E-09,
124.3,88.5,142,101,85,66,1.84E-09,3.51E-09,
124.4,109.8,142,101,85,66,3.21E-09,3.77E-09,
124.5,128.35,142,101,85,66,5.72E-09,9.13E-09,
124.6,108.35,142,101,85,66,3.50E-09,5.72E-09,
124.7,102.6,142,101,85,66,2.35E-09,4.74E-09,
124.8,102.7,143.05,101.35,85.35,66.7,2.08E-09,3.21E-09,
124.9,94.7,145,102,86,68,2.15E-09,4.06E-09,
125,91.6,145,102,86,68,2.81E-09,3.11E-09,
125.1,90.5,145,102,86,68,2.81E-09,3.78E-09,
125.2,89.5,145,102,86,68,2.38E-09,2.81E-09,
125.3,131.7,145,102,86,68,3.48E-09,7.31E-09,
125.4,120.7,145,102,86,68,4.38E-09,5.45E-09,
125.5,106.95,145,102,86,68,3.85E-09,5.33E-09,
125.6,104.7,145,102,86,68,1.40E-09,5.25E-09,
125.7,99.65,145,102,86,68,2.56E-09,4.51E-09,
125.8,93.25,145,102,86,68,2.98E-09,3.11E-09,
125.9,90.7,145.95,101.05,86.95,69.9,3.00E-09,3.42E-09,
126,89.4,146,101,87,70,2.51E-09,3.00E-09,
126.1,86.6,146,101,87,70,2.49E-09,2.43E-09,
126.2,115.6,146,101,87,70,2.97E-09,4.22E-09,
126.3,129.95,146,101,87,70,6.78E-09,8.08E-09,
126.4,113.6,146,101,87,70,4.31E-09,7.56E-09,
126.5,115.05,146,101.2,87.2,70,3.07E-09,3.04E-09,
126.6,115.35,146,102,88,70,2.64E-09,5.95E-09,
126.7,115.45,146,102,88,70,2.41E-09,4.06E-09,
126.8,115.3,146,102,88,70,1.96E-09,3.06E-09,
126.9,115.4,146,102,88,70,2.40E-09,2.82E-09,
127,115.4,146,102,88,70,1.58E-09,2.57E-09,
127.1,115.45,146,102,88,70,2.25E-09,2.94E-09,
127.2,115.55,146,102,88,70,5.16E-09,1.00E-08,
127.3,114.55,146,102,88,70,4.60E-09,5.28E-09,
127.4,104.1,146,102,88,70,3.26E-09,5.04E-09,
127.5,104,146,102,87.15,64.9,1.92E-09,6.21E-09,
127.6,103.75,146,102,87,64,1.82E-09,3.76E-09,
127.7,103.95,146,102,87,64,2.47E-09,2.77E-09,
127.8,103.95,146,102,87,64,2.55E-09,3.31E-09,
127.9,103.9,146,102,87,64,2.66E-09,3.02E-09,
128,104,146,102,87,64,1.29E-09,1.99E-09,
128.1,104.2,146,102,87,64,3.63E-09,3.94E-09,
128.2,103.8,146,102,87,64,4.52E-09,1.03E-08,
128.3,106,146,102,87,64,3.90E-09,4.26E-09,
128.4,103.1,146.4,102,86.6,63.6,2.27E-09,5.96E-09,
128.5,104.55,147,102,86,63,1.84E-09,4.39E-09,
128.6,92.95,147,102,86,63,2.46E-09,3.94E-09,
128.7,92.35,147,102,86,63,2.07E-09,3.18E-09,
128.8,91.25,147,102,86,63,1.74E-09,3.37E-09,
128.9,88.9,147,102,86,63,2.00E-09,3.20E-09,
129,121.4,147,102,86,63,2.88E-09,2.79E-09,
129.1,126.15,147,102,86,63,5.88E-09,1.09E-08,
129.2,108.8,147,102,86,63,3.67E-09,5.43E-09,
129.3,104.95,147.3,102,86,63.1,1.86E-09,4.89E-09,
129.4,102.9,150,102,86,64,1.90E-09,5.63E-09,
129.5,95.65,150,102,86,64,2.59E-09,3.13E-09,
129.6,92.7,150,102,86,64,1.87E-09,3.01E-09,
129.7,91.3,150,102,86,64,2.42E-09,2.34E-09,
129.8,88.95,150,102,86,64,2.21E-09,2.77E-09,
129.9,98.8,150,102,86,64,2.09E-09,3.25E-09,
130,140.15,150,102,86,64,5.59E-09,1.36E-08,
130.1,118.5,150,102,86,64,4.55E-09,8.51E-09,
130.2,105.75,150,102,86,64,2.81E-09,3.95E-09,
130.3,108,150,102,86,64.9,1.60E-09,5.27E-09,
130.4,98.95,150,102,86,65,2.20E-09,3.52E-09,
130.5,94.35,150,102,86,65,2.47E-09,4.08E-09,
130.6,92.4,150,102,86,65,2.15E-09,4.71E-09,
130.7,89.95,150,102,86,65,2.08E-09,2.84E-09,
130.8,88.3,150,102,86,65,2.72E-09,2.91E-09,
130.9,129.05,150,102,86,65,2.50E-09,4.40E-09,
131,122.65,150,102,86,65,6.45E-09,1.21E-08,
131.1,107.75,150,102,86,65,4.24E-09,6.50E-09,
131.2,105.2,149,102.5,87.5,64.5,2.90E-09,6.35E-09,
131.3,101.35,146.4,103,89,64,2.56E-09,7.30E-09,
131.4,94.05,146,103,89,64,2.07E-09,2.62E-09,
131.5,91.9,146,103,89,64,2.97E-09,3.80E-09,
131.6,90.55,146,103,89,64,2.23E-09,2.59E-09,
131.7,88.2,146,103,89,64,1.85E-09,3.49E-09,
131.8,114.1,146,103,89,64,2.60E-09,3.64E-09,
131.9,128.6,146,103,89,64,5.88E-09,9.70E-09,
132,107.3,146,103,89,64,3.48E-09,5.74E-09,
132.1,103.6,146.1,103.05,88.9,63.95,2.33E-09,3.77E-09,
132.2,102.85,148,104,87,63,2.37E-09,3.80E-09,
132.3,95.05,148,104,87,63,2.14E-09,3.01E-09,
132.4,92.6,148,104,87,63,2.26E-09,3.48E-09,
132.5,91.6,148,104,87,63,2.36E-09,3.78E-09,
132.6,89.35,148,104,87,63,1.58E-09,2.99E-09,
132.7,127.5,148,104,87,63,3.68E-09,5.33E-09,
132.8,124.7,148,104,87,63,5.26E-09,8.74E-09,
132.9,109.65,148,104,87,63,3.59E-09,5.71E-09,
133,105.65,148,104,87,63,1.75E-09,4.06E-09,
133.1,102,148,104,87,63,2.16E-09,4.26E-09,
133.2,94.75,149.4,103.3,87.7,64.4,2.18E-09,3.24E-09,
133.3,91.8,150,103,88,65,1.93E-09,3.65E-09,
133.4,90.2,150,103,88,65,2.66E-09,2.83E-09,
133.5,87.55,150,103,88,65,2.41E-09,2.85E-09,
133.6,116.1,150,103,88,65,3.13E-09,3.17E-09,
133.7,132.45,150,103,88,65,5.71E-09,1.37E-08,
133.8,115.35,150,103,88,65,4.30E-09,6.84E-09,
133.9,104.15,150,103,88,65,2.78E-09,3.65E-09,
134,105.1,147,103,87,68,2.35E-09,5.38E-09,
134.1,95.6,147,103,87,68,3.07E-09,4.42E-09,
134.2,92.2,147,103,87,68,2.56E-09,3.16E-09,
134.3,90.4,147,103,87,68,2.55E-09,3.68E-09,
134.4,88.05,147,103,87,68,2.28E-09,3.20E-09,
134.5,96.95,147,103,87,68,2.00E-09,3.10E-09,
134.6,137.95,147,103,87,68,4.59E-09,1.26E-08,
134.7,115.25,147,103,87,68,4.96E-09,8.02E-09,
134.8,102.8,147,103,87,68,3.09E-09,5.44E-09,
134.9,105.35,144.6,103,88.6,65.6,2.39E-09,6.37E-09,
135,96.65,144,103,89,65,2.74E-09,4.04E-09,
135.1,92.25,144,103,89,65,2.20E-09,3.50E-09,
135.2,90.25,144,103,89,65,2.12E-09,3.56E-09,
135.3,88.6,144,103,89,65,2.13E-09,3.02E-09,
135.4,90.75,144,103,89,65,2.22E-09,2.88E-09,
135.5,134.55,144,103,89,65,4.80E-09,1.48E-08,
135.6,111.15,144,103,89,65,4.17E-09,9.23E-09,
135.7,100,144,103,89,65,2.83E-09,4.16E-09,
135.8,104,144.5,103.5,88,64.5,1.67E-09,5.16E-09,
135.9,95.45,145,104,87,64,2.28E-09,4.08E-09,
136,91.5,145,104,87,64,2.43E-09,5.08E-09,
136.1,90.3,145,104,87,64,2.01E-09,3.21E-09,
136.2,89.05,145,104,87,64,2.20E-09,5.23E-09,
136.3,107.95,145,104,87,64,2.49E-09,4.44E-09,
136.4,131.5,145,104,87,64,4.77E-09,1.22E-08,
136.5,109.35,145,104,87,64,4.14E-09,9.02E-09,
136.6,102.65,145,104,87,64,2.36E-09,5.70E-09,
136.7,103.45,146.75,103.3,86.65,64.35,3.09E-09,5.11E-09,
136.8,95.1,150,102,86,65,2.14E-09,5.30E-09,
136.9,91.95,150,102,86,65,1.92E-09,3.99E-09,
137,91,150,102,86,65,2.31E-09,4.20E-09,
137.1,88.05,150,102,86,65,2.15E-09,4.11E-09,
137.2,121.05,150,102,86,65,2.80E-09,5.24E-09,
137.3,130.55,150,102,86,65,5.76E-09,9.76E-09,
137.4,114.55,150,102,86,65,5.05E-09,1.07E-08,
137.5,105.65,150,102,86,65,2.03E-09,5.14E-09,
137.6,104.85,150,101.3,86,67.8,2.76E-09,6.25E-09,
137.7,96.1,150,101,86,69,2.72E-09,3.67E-09,
137.8,93.05,150,101,86,69,2.67E-09,3.43E-09,
137.9,92.05,150,101,86,69,2.94E-09,4.60E-09,
138,88.75,150,101,86,69,2.87E-09,3.18E-09,
138.1,120.15,150,101,86,69,3.18E-09,4.63E-09,
138.2,130.35,150,101,86,69,6.73E-09,9.66E-09,
138.3,112.45,150,101,86,69,4.36E-09,1.29E-08,
138.4,105.25,150,101,86,69,2.64E-09,5.15E-09,
138.5,104.5,146.6,101.85,87.7,68.15,2.38E-09,4.76E-09,
138.6,95.7,146,102,88,68,2.48E-09,4.63E-09,
138.7,93.5,146,102,88,68,2.78E-09,5.03E-09,
138.8,92.1,146,102,88,68,2.43E-09,3.66E-09,
138.9,93.75,146,102,88,68,2.34E-09,4.02E-09,
139,136.35,146,102,88,68,4.01E-09,1.35E-08,
139.1,114.75,146,102,88,68,4.71E-09,7.51E-09,
139.2,102.55,146,102,88,68,3.50E-09,7.12E-09,
139.3,106.8,146,102,88,68,2.03E-09,4.18E-09,
139.4,97.75,146.45,103.35,88,67.55,2.32E-09,5.60E-09,
139.5,93.45,147,105,88,67,2.24E-09,3.71E-09,
139.6,92.1,147,105,88,67,2.53E-09,3.04E-09,
139.7,89.65,147,105,88,67,2.32E-09,4.06E-09,
139.8,125.15,147,105,88,67,3.28E-09,8.92E-09,
139.9,124.25,147,105,88,67,6.26E-09,7.29E-09,
140,107.4,147,105,88,67,3.97E-09,5.53E-09,
140.1,107.1,147,105,88,67,2.30E-09,6.33E-09,
140.2,102.65,148.4,105.35,88,68.05,2.72E-09,5.39E-09,
140.3,95.45,151,106,88,70,3.10E-09,5.05E-09,
140.4,94.2,151,106,88,70,2.08E-09,3.29E-09,
140.5,92.3,151,106,88,70,2.54E-09,4.37E-09,
140.6,126.05,151,106,88,70,3.10E-09,6.96E-09,
140.7,129.5,151,106,88,70,5.36E-09,1.40E-08,
140.8,112.1,151,106,88,70,4.72E-09,8.14E-09,
140.9,107.4,151,106,88,70,3.42E-09,4.61E-09,
141,104.15,151,106,88,70,2.55E-09,6.36E-09,
141.1,96,152.9,104.1,88.95,70.95,2.35E-09,5.18E-09,
141.2,93.2,153,104,89,71,3.11E-09,3.69E-09,
141.3,91.7,153,104,89,71,2.62E-09,4.44E-09,
141.4,93.3,153,104,89,71,2.84E-09,3.28E-09,
141.5,141.85,153,104,89,71,4.55E-09,6.68E-09,
141.6,123.2,153,104,89,71,4.84E-09,1.29E-08,
141.7,109.65,153,104,89,71,3.88E-09,6.53E-09,
141.8,109.95,153,104,89,71,2.61E-09,4.76E-09,
141.9,101.85,153,105.9,89,74.8,2.57E-09,5.39E-09,
142,96.1,153,106,89,75,2.84E-09,4.09E-09,
142.1,94.2,153,106,89,75,2.43E-09,3.46E-09,
142.2,92.15,153,106,89,75,1.33E-09,4.25E-09,
142.3,97.75,153,106,89,75,2.39E-09,3.81E-09,
142.4,143.05,153,106,89,75,6.72E-09,1.13E-08,
142.5,121.25,153,106,89,75,4.67E-09,7.58E-09,
142.6,107.2,153,106,89,75,3.33E-09,7.50E-09,
142.7,109.8,152.1,106,89.9,73.2,1.76E-09,5.86E-09,
142.8,100.2,150,106,92,69,2.66E-09,5.07E-09,
142.9,95.65,150,106,92,69,2.60E-09,2.96E-09,
143,93.9,150,106,92,69,2.76E-09,3.78E-09,
143.1,92.05,150,106,92,69,2.01E-09,2.87E-09,
143.2,94.25,150,106,92,69,2.68E-09,2.67E-09,
143.3,139.7,150,106,92,69,4.96E-09,1.27E-08,
143.4,116.85,150,106,92,69,4.81E-09,7.11E-09,
143.5,104.55,150,106,92,69,2.85E-09,6.20E-09,
143.6,108.45,149.6,106.4,90.8,68.2,2.42E-09,5.42E-09,
143.7,99.3,149,107,89,67,2.22E-09,3.48E-09,
143.8,94.45,149,107,89,67,2.49E-09,3.62E-09,
143.9,93.25,149,107,89,67,1.82E-09,3.59E-09,
144,91.2,149,107,89,67,1.97E-09,3.37E-09,
144.1,105.5,149,107,89,67,1.97E-09,2.81E-09,
144.2,136,149,107,89,67,6.11E-09,1.19E-08,
144.3,112,149,107,89,67,3.65E-09,9.28E-09,
144.4,104.45,149,107,89,67,2.01E-09,3.68E-09,
144.5,106.65,149,107,89,67,3.39E-09,4.49E-09,
144.6,97.3,149.1,106.9,89.1,66.9,2.71E-09,4.14E-09,
144.7,94.55,150,106,90,66,2.81E-09,4.05E-09,
144.8,92.9,150,106,90,66,2.62E-09,3.76E-09,
144.9,93.1,150,106,90,66,2.19E-09,3.45E-09,
145,138.15,150,106,90,66,4.64E-09,9.20E-09,
145.1,122.05,150,106,90,66,4.93E-09,9.88E-09,
145.2,108.2,150,106,90,66,4.52E-09,4.73E-09,
145.3,109.25,150,106,90,66,2.18E-09,6.30E-09,
145.4,101.3,151.8,105.4,90,67.8,2.46E-09,4.75E-09,
145.5,95.35,153,105,90,69,2.43E-09,3.00E-09,
145.6,93.2,153,105,90,69,2.19E-09,4.70E-09,
145.7,91.45,153,105,90,69,2.42E-09,3.69E-09,
145.8,96.35,153,105,90,69,2.46E-09,3.48E-09,
145.9,142.8,153,105,90,69,4.43E-09,1.39E-08,
146,121.2,153,105,90,69,4.99E-09,8.44E-09,
146.1,107.7,153,105,90,69,3.51E-09,6.55E-09,
146.2,109.7,152.75,105,90,69.75,2.13E-09,6.43E-09,
146.3,100.7,152,105,90,72,2.86E-09,3.98E-09,
146.4,95.65,152,105,90,72,2.80E-09,3.82E-09,
146.5,93.8,152,105,90,72,2.18E-09,3.63E-09,
146.6,91.85,152,105,90,72,2.39E-09,2.87E-09,
146.7,98.8,152,105,90,72,2.10E-09,4.74E-09,
146.8,141.45,152,105,90,72,5.16E-09,1.19E-08,
146.9,118.75,152,105,90,72,5.20E-09,7.61E-09,
147,105.35,152,105,90,72,3.28E-09,5.04E-09,
147.1,108.1,151.2,105.4,90.4,70.4,2.29E-09,4.87E-09,
147.2,98.7,150,106,91,68,2.25E-09,4.86E-09,
147.3,94,150,106,91,68,2.82E-09,4.63E-09,
147.4,92.75,150,106,91,68,1.92E-09,3.30E-09,
147.5,91.05,150,106,91,68,1.68E-09,3.97E-09,
147.6,96.55,150,106,91,68,2.43E-09,2.40E-09,
147.7,140.4,150,106,91,68,4.62E-09,1.14E-08,
147.8,116.45,150,106,91,68,5.84E-09,9.54E-09,
147.9,104.1,150,106,91,68,3.74E-09,5.66E-09,
148,108.25,150,106.45,90.1,67.55,2.47E-09,5.37E-09,
148.1,99.1,150,107,89,67,2.60E-09,4.70E-09,
148.2,94.35,150,107,89,67,2.36E-09,4.30E-09,
148.3,92.75,150,107,89,67,2.72E-09,4.33E-09,
148.4,91.5,150,107,89,67,1.83E-09,3.55E-09,
148.5,90.6,150,107,89,67,2.51E-09,3.41E-09,
148.6,134.55,150,107,89,67,4.35E-09,6.11E-09,
148.7,114.1,150,107,89,67,4.55E-09,1.08E-08,
148.8,101.65,150,107,89,67,2.64E-09,5.60E-09,
148.9,105.2,148.4,106.2,89.4,66.6,2.18E-09,5.70E-09,
149,96.8,145.6,105,90,66,1.71E-09,5.46E-09,
149.1,92.5,145,105,90,66,2.75E-09,2.78E-09,
149.2,90.8,145,105,90,66,2.33E-09,2.55E-09,
149.3,89.25,145,105,90,66,2.33E-09,4.26E-09,
149.4,91.6,145,105,90,66,2.71E-09,3.08E-09,
149.5,135.6,145,105,90,66,5.53E-09,1.31E-08,
149.6,111.95,145,105,90,66,5.11E-09,7.03E-09,
149.7,100.85,145,105,90,66,3.28E-09,5.35E-09,
149.8,104.75,145,105,90,66,2.65E-09,5.42E-09,
149.9,95.65,146.7,104.15,90,65.15,2.28E-09,5.26E-09,
150,90.85,147,104,90,65,2.44E-09,3.73E-09,
